s0	s1	s2	s3	s4	s5	s6	s7	s8	s9	s10	s11	s12	s13	s14	s15	s16	s17	s18	s19	s20	s21	s22	s23	s24	s25	s26	s27	s28	s29	s30	s31	s32	s33	s34	s35	s36	s37	s38	s39	s40	s41	s42	s43	s44	s45	s46	s47	s48	s49	s50	s51	s52	s53	s54	s55	s56	s57	s58	s59	s60	s61	s62	s63	s64	s65	s66	s67	s68	s69	s70	s71	s72	s73	s74	s75	s76	s77	s78	s79	s80	s81	s82	s83	s84	s85	s86	s87	s88	s89	s90	s91	s92	s93	p0	p1	p2	p3	p4	p5
			*V-Obs-V	Max	ID-C	ID-lat
neop-a$$$s0$p0	neopa	0.0	1	0	0	0
	neowa	1.0	0	0	1	0
	neola	0.0	0	0	0	1
	neoa	0.0	0	1	0	0
neop-ta$$$s0$p1	neopta	1.0	0	0	0	0
	neowta	0.0	0	0	1	0
	neolta	0.0	0	0	0	1
	neota	0.0	0	1	0	0
neop-e$$$s0$p2	neope	0.0	1	0	0	0
	neowe	1.0	0	0	1	0
	neole	0.0	0	0	0	1
	neoe	0.0	0	1	0	0
neop-te$$$s0$p3	neopte	1.0	0	0	0	0
	neowte	0.0	0	0	1	0
	neolte	0.0	0	0	0	1
	neote	0.0	0	1	0	0
neop-i$$$s0$p4	neopi	0.0	1	0	0	0
	neowi	1.0	0	0	1	0
	neoli	0.0	0	0	0	1
	neoi	0.0	0	1	0	0
neop-ti$$$s0$p5	neopti	1.0	0	0	0	0
	neowti	0.0	0	0	1	0
	neolti	0.0	0	0	0	1
	neoti	0.0	0	1	0	0
ppaep-a$$$s1$p0	ppaepa	0.0	1	0	0	0
	ppaewa	1.0	0	0	1	0
	ppaela	0.0	0	0	0	1
	ppaea	0.0	0	1	0	0
ppaep-ta$$$s1$p1	ppaepta	1.0	0	0	0	0
	ppaewta	0.0	0	0	1	0
	ppaelta	0.0	0	0	0	1
	ppaeta	0.0	0	1	0	0
ppaep-e$$$s1$p2	ppaepe	0.0	1	0	0	0
	ppaewe	1.0	0	0	1	0
	ppaele	0.0	0	0	0	1
	ppaee	0.0	0	1	0	0
ppaep-te$$$s1$p3	ppaepte	1.0	0	0	0	0
	ppaewte	0.0	0	0	1	0
	ppaelte	0.0	0	0	0	1
	ppaete	0.0	0	1	0	0
ppaep-i$$$s1$p4	ppaepi	0.0	1	0	0	0
	ppaewi	1.0	0	0	1	0
	ppaeli	0.0	0	0	0	1
	ppaei	0.0	0	1	0	0
ppaep-ti$$$s1$p5	ppaepti	1.0	0	0	0	0
	ppaewti	0.0	0	0	1	0
	ppaelti	0.0	0	0	0	1
	ppaeti	0.0	0	1	0	0
sep-a$$$s2$p0	sepa	0.0	1	0	0	0
	sewa	1.0	0	0	1	0
	sela	0.0	0	0	0	1
	sea	0.0	0	1	0	0
sep-ta$$$s2$p1	septa	1.0	0	0	0	0
	sewta	0.0	0	0	1	0
	selta	0.0	0	0	0	1
	seta	0.0	0	1	0	0
sep-e$$$s2$p2	sepe	0.0	1	0	0	0
	sewe	1.0	0	0	1	0
	sele	0.0	0	0	0	1
	see	0.0	0	1	0	0
sep-te$$$s2$p3	septe	1.0	0	0	0	0
	sewte	0.0	0	0	1	0
	selte	0.0	0	0	0	1
	sete	0.0	0	1	0	0
sep-i$$$s2$p4	sepi	0.0	1	0	0	0
	sewi	1.0	0	0	1	0
	seli	0.0	0	0	0	1
	sei	0.0	0	1	0	0
sep-ti$$$s2$p5	septi	1.0	0	0	0	0
	sewti	0.0	0	0	1	0
	selti	0.0	0	0	0	1
	seti	0.0	0	1	0	0
ssep-a$$$s3$p0	ssepa	0.0	1	0	0	0
	ssewa	1.0	0	0	1	0
	ssela	0.0	0	0	0	1
	ssea	0.0	0	1	0	0
ssep-ta$$$s3$p1	ssepta	1.0	0	0	0	0
	ssewta	0.0	0	0	1	0
	sselta	0.0	0	0	0	1
	sseta	0.0	0	1	0	0
ssep-e$$$s3$p2	ssepe	0.0	1	0	0	0
	ssewe	1.0	0	0	1	0
	ssele	0.0	0	0	0	1
	ssee	0.0	0	1	0	0
ssep-te$$$s3$p3	ssepte	1.0	0	0	0	0
	ssewte	0.0	0	0	1	0
	sselte	0.0	0	0	0	1
	ssete	0.0	0	1	0	0
ssep-i$$$s3$p4	ssepi	0.0	1	0	0	0
	ssewi	1.0	0	0	1	0
	sseli	0.0	0	0	0	1
	ssei	0.0	0	1	0	0
ssep-ti$$$s3$p5	ssepti	1.0	0	0	0	0
	ssewti	0.0	0	0	1	0
	sselti	0.0	0	0	0	1
	sseti	0.0	0	1	0	0
gop-a$$$s4$p0	gopa	0.0	1	0	0	0
	gowa	1.0	0	0	1	0
	gola	0.0	0	0	0	1
	goa	0.0	0	1	0	0
gop-ta$$$s4$p1	gopta	1.0	0	0	0	0
	gowta	0.0	0	0	1	0
	golta	0.0	0	0	0	1
	gota	0.0	0	1	0	0
gop-e$$$s4$p2	gope	0.0	1	0	0	0
	gowe	1.0	0	0	1	0
	gole	0.0	0	0	0	1
	goe	0.0	0	1	0	0
gop-te$$$s4$p3	gopte	1.0	0	0	0	0
	gowte	0.0	0	0	1	0
	golte	0.0	0	0	0	1
	gote	0.0	0	1	0	0
gop-i$$$s4$p4	gopi	0.0	1	0	0	0
	gowi	1.0	0	0	1	0
	goli	0.0	0	0	0	1
	goi	0.0	0	1	0	0
gop-ti$$$s4$p5	gopti	1.0	0	0	0	0
	gowti	0.0	0	0	1	0
	golti	0.0	0	0	0	1
	goti	0.0	0	1	0	0
bwip-a$$$s5$p0	bwipa	0.0	1	0	0	0
	bwiwa	1.0	0	0	1	0
	bwila	0.0	0	0	0	1
	bwia	0.0	0	1	0	0
bwip-ta$$$s5$p1	bwipta	1.0	0	0	0	0
	bwiwta	0.0	0	0	1	0
	bwilta	0.0	0	0	0	1
	bwita	0.0	0	1	0	0
bwip-e$$$s5$p2	bwipe	0.0	1	0	0	0
	bwiwe	1.0	0	0	1	0
	bwile	0.0	0	0	0	1
	bwie	0.0	0	1	0	0
bwip-te$$$s5$p3	bwipte	1.0	0	0	0	0
	bwiwte	0.0	0	0	1	0
	bwilte	0.0	0	0	0	1
	bwite	0.0	0	1	0	0
bwip-i$$$s5$p4	bwipi	0.0	1	0	0	0
	bwiwi	1.0	0	0	1	0
	bwili	0.0	0	0	0	1
	bwii	0.0	0	1	0	0
bwip-ti$$$s5$p5	bwipti	1.0	0	0	0	0
	bwiwti	0.0	0	0	1	0
	bwilti	0.0	0	0	0	1
	bwiti	0.0	0	1	0	0
seup-a$$$s6$p0	seupa	0.0	1	0	0	0
	seuwa	1.0	0	0	1	0
	seula	0.0	0	0	0	1
	seua	0.0	0	1	0	0
seup-ta$$$s6$p1	seupta	1.0	0	0	0	0
	seuwta	0.0	0	0	1	0
	seulta	0.0	0	0	0	1
	seuta	0.0	0	1	0	0
seup-e$$$s6$p2	seupe	0.0	1	0	0	0
	seuwe	1.0	0	0	1	0
	seule	0.0	0	0	0	1
	seue	0.0	0	1	0	0
seup-te$$$s6$p3	seupte	1.0	0	0	0	0
	seuwte	0.0	0	0	1	0
	seulte	0.0	0	0	0	1
	seute	0.0	0	1	0	0
seup-i$$$s6$p4	seupi	0.0	1	0	0	0
	seuwi	1.0	0	0	1	0
	seuli	0.0	0	0	0	1
	seui	0.0	0	1	0	0
seup-ti$$$s6$p5	seupti	1.0	0	0	0	0
	seuwti	0.0	0	0	1	0
	seulti	0.0	0	0	0	1
	seuti	0.0	0	1	0	0
dep-a$$$s7$p0	depa	0.0	1	0	0	0
	dewa	1.0	0	0	1	0
	dela	0.0	0	0	0	1
	dea	0.0	0	1	0	0
dep-ta$$$s7$p1	depta	1.0	0	0	0	0
	dewta	0.0	0	0	1	0
	delta	0.0	0	0	0	1
	deta	0.0	0	1	0	0
dep-e$$$s7$p2	depe	0.0	1	0	0	0
	dewe	1.0	0	0	1	0
	dele	0.0	0	0	0	1
	dee	0.0	0	1	0	0
dep-te$$$s7$p3	depte	1.0	0	0	0	0
	dewte	0.0	0	0	1	0
	delte	0.0	0	0	0	1
	dete	0.0	0	1	0	0
dep-i$$$s7$p4	depi	0.0	1	0	0	0
	dewi	1.0	0	0	1	0
	deli	0.0	0	0	0	1
	dei	0.0	0	1	0	0
dep-ti$$$s7$p5	depti	1.0	0	0	0	0
	dewti	0.0	0	0	1	0
	delti	0.0	0	0	0	1
	deti	0.0	0	1	0	0
dop-a$$$s8$p0	dopa	0.0	1	0	0	0
	dowa	1.0	0	0	1	0
	dola	0.0	0	0	0	1
	doa	0.0	0	1	0	0
dop-ta$$$s8$p1	dopta	1.0	0	0	0	0
	dowta	0.0	0	0	1	0
	dolta	0.0	0	0	0	1
	dota	0.0	0	1	0	0
dop-e$$$s8$p2	dope	0.0	1	0	0	0
	dowe	1.0	0	0	1	0
	dole	0.0	0	0	0	1
	doe	0.0	0	1	0	0
dop-te$$$s8$p3	dopte	1.0	0	0	0	0
	dowte	0.0	0	0	1	0
	dolte	0.0	0	0	0	1
	dote	0.0	0	1	0	0
dop-i$$$s8$p4	dopi	0.0	1	0	0	0
	dowi	1.0	0	0	1	0
	doli	0.0	0	0	0	1
	doi	0.0	0	1	0	0
dop-ti$$$s8$p5	dopti	1.0	0	0	0	0
	dowti	0.0	0	0	1	0
	dolti	0.0	0	0	0	1
	doti	0.0	0	1	0	0
baep-a$$$s9$p0	baepa	0.0	1	0	0	0
	baewa	1.0	0	0	1	0
	baela	0.0	0	0	0	1
	baea	0.0	0	1	0	0
baep-ta$$$s9$p1	baepta	1.0	0	0	0	0
	baewta	0.0	0	0	1	0
	baelta	0.0	0	0	0	1
	baeta	0.0	0	1	0	0
baep-e$$$s9$p2	baepe	0.0	1	0	0	0
	baewe	1.0	0	0	1	0
	baele	0.0	0	0	0	1
	baee	0.0	0	1	0	0
baep-te$$$s9$p3	baepte	1.0	0	0	0	0
	baewte	0.0	0	0	1	0
	baelte	0.0	0	0	0	1
	baete	0.0	0	1	0	0
baep-i$$$s9$p4	baepi	0.0	1	0	0	0
	baewi	1.0	0	0	1	0
	baeli	0.0	0	0	0	1
	baei	0.0	0	1	0	0
baep-ti$$$s9$p5	baepti	1.0	0	0	0	0
	baewti	0.0	0	0	1	0
	baelti	0.0	0	0	0	1
	baeti	0.0	0	1	0	0
nep-a$$$s10$p0	nepa	0.0	1	0	0	0
	newa	1.0	0	0	1	0
	nela	0.0	0	0	0	1
	nea	0.0	0	1	0	0
nep-ta$$$s10$p1	nepta	1.0	0	0	0	0
	newta	0.0	0	0	1	0
	nelta	0.0	0	0	0	1
	neta	0.0	0	1	0	0
nep-e$$$s10$p2	nepe	0.0	1	0	0	0
	newe	1.0	0	0	1	0
	nele	0.0	0	0	0	1
	nee	0.0	0	1	0	0
nep-te$$$s10$p3	nepte	1.0	0	0	0	0
	newte	0.0	0	0	1	0
	nelte	0.0	0	0	0	1
	nete	0.0	0	1	0	0
nep-i$$$s10$p4	nepi	0.0	1	0	0	0
	newi	1.0	0	0	1	0
	neli	0.0	0	0	0	1
	nei	0.0	0	1	0	0
nep-ti$$$s10$p5	nepti	1.0	0	0	0	0
	newti	0.0	0	0	1	0
	nelti	0.0	0	0	0	1
	neti	0.0	0	1	0	0
kkeup-a$$$s11$p0	kkeupa	0.0	1	0	0	0
	kkeuwa	1.0	0	0	1	0
	kkeula	0.0	0	0	0	1
	kkeua	0.0	0	1	0	0
kkeup-ta$$$s11$p1	kkeupta	1.0	0	0	0	0
	kkeuwta	0.0	0	0	1	0
	kkeulta	0.0	0	0	0	1
	kkeuta	0.0	0	1	0	0
kkeup-e$$$s11$p2	kkeupe	0.0	1	0	0	0
	kkeuwe	1.0	0	0	1	0
	kkeule	0.0	0	0	0	1
	kkeue	0.0	0	1	0	0
kkeup-te$$$s11$p3	kkeupte	1.0	0	0	0	0
	kkeuwte	0.0	0	0	1	0
	kkeulte	0.0	0	0	0	1
	kkeute	0.0	0	1	0	0
kkeup-i$$$s11$p4	kkeupi	0.0	1	0	0	0
	kkeuwi	1.0	0	0	1	0
	kkeuli	0.0	0	0	0	1
	kkeui	0.0	0	1	0	0
kkeup-ti$$$s11$p5	kkeupti	1.0	0	0	0	0
	kkeuwti	0.0	0	0	1	0
	kkeulti	0.0	0	0	0	1
	kkeuti	0.0	0	1	0	0
moep-a$$$s12$p0	moepa	0.0	1	0	0	0
	moewa	1.0	0	0	1	0
	moela	0.0	0	0	0	1
	moea	0.0	0	1	0	0
moep-ta$$$s12$p1	moepta	1.0	0	0	0	0
	moewta	0.0	0	0	1	0
	moelta	0.0	0	0	0	1
	moeta	0.0	0	1	0	0
moep-e$$$s12$p2	moepe	0.0	1	0	0	0
	moewe	1.0	0	0	1	0
	moele	0.0	0	0	0	1
	moee	0.0	0	1	0	0
moep-te$$$s12$p3	moepte	1.0	0	0	0	0
	moewte	0.0	0	0	1	0
	moelte	0.0	0	0	0	1
	moete	0.0	0	1	0	0
moep-i$$$s12$p4	moepi	0.0	1	0	0	0
	moewi	1.0	0	0	1	0
	moeli	0.0	0	0	0	1
	moei	0.0	0	1	0	0
moep-ti$$$s12$p5	moepti	1.0	0	0	0	0
	moewti	0.0	0	0	1	0
	moelti	0.0	0	0	0	1
	moeti	0.0	0	1	0	0
kkip-a$$$s13$p0	kkipa	0.0	1	0	0	0
	kkiwa	1.0	0	0	1	0
	kkila	0.0	0	0	0	1
	kkia	0.0	0	1	0	0
kkip-ta$$$s13$p1	kkipta	1.0	0	0	0	0
	kkiwta	0.0	0	0	1	0
	kkilta	0.0	0	0	0	1
	kkita	0.0	0	1	0	0
kkip-e$$$s13$p2	kkipe	0.0	1	0	0	0
	kkiwe	1.0	0	0	1	0
	kkile	0.0	0	0	0	1
	kkie	0.0	0	1	0	0
kkip-te$$$s13$p3	kkipte	1.0	0	0	0	0
	kkiwte	0.0	0	0	1	0
	kkilte	0.0	0	0	0	1
	kkite	0.0	0	1	0	0
kkip-i$$$s13$p4	kkipi	0.0	1	0	0	0
	kkiwi	1.0	0	0	1	0
	kkili	0.0	0	0	0	1
	kkii	0.0	0	1	0	0
kkip-ti$$$s13$p5	kkipti	1.0	0	0	0	0
	kkiwti	0.0	0	0	1	0
	kkilti	0.0	0	0	0	1
	kkiti	0.0	0	1	0	0
kkop-a$$$s14$p0	kkopa	0.0	1	0	0	0
	kkowa	1.0	0	0	1	0
	kkola	0.0	0	0	0	1
	kkoa	0.0	0	1	0	0
kkop-ta$$$s14$p1	kkopta	1.0	0	0	0	0
	kkowta	0.0	0	0	1	0
	kkolta	0.0	0	0	0	1
	kkota	0.0	0	1	0	0
kkop-e$$$s14$p2	kkope	0.0	1	0	0	0
	kkowe	1.0	0	0	1	0
	kkole	0.0	0	0	0	1
	kkoe	0.0	0	1	0	0
kkop-te$$$s14$p3	kkopte	1.0	0	0	0	0
	kkowte	0.0	0	0	1	0
	kkolte	0.0	0	0	0	1
	kkote	0.0	0	1	0	0
kkop-i$$$s14$p4	kkopi	0.0	1	0	0	0
	kkowi	1.0	0	0	1	0
	kkoli	0.0	0	0	0	1
	kkoi	0.0	0	1	0	0
kkop-ti$$$s14$p5	kkopti	1.0	0	0	0	0
	kkowti	0.0	0	0	1	0
	kkolti	0.0	0	0	0	1
	kkoti	0.0	0	1	0	0
ssaep-a$$$s15$p0	ssaepa	0.0	1	0	0	0
	ssaewa	1.0	0	0	1	0
	ssaela	0.0	0	0	0	1
	ssaea	0.0	0	1	0	0
ssaep-ta$$$s15$p1	ssaepta	1.0	0	0	0	0
	ssaewta	0.0	0	0	1	0
	ssaelta	0.0	0	0	0	1
	ssaeta	0.0	0	1	0	0
ssaep-e$$$s15$p2	ssaepe	0.0	1	0	0	0
	ssaewe	1.0	0	0	1	0
	ssaele	0.0	0	0	0	1
	ssaee	0.0	0	1	0	0
ssaep-te$$$s15$p3	ssaepte	1.0	0	0	0	0
	ssaewte	0.0	0	0	1	0
	ssaelte	0.0	0	0	0	1
	ssaete	0.0	0	1	0	0
ssaep-i$$$s15$p4	ssaepi	0.0	1	0	0	0
	ssaewi	1.0	0	0	1	0
	ssaeli	0.0	0	0	0	1
	ssaei	0.0	0	1	0	0
ssaep-ti$$$s15$p5	ssaepti	1.0	0	0	0	0
	ssaewti	0.0	0	0	1	0
	ssaelti	0.0	0	0	0	1
	ssaeti	0.0	0	1	0	0
chap-a$$$s16$p0	chapa	0.0	1	0	0	0
	chawa	1.0	0	0	1	0
	chala	0.0	0	0	0	1
	chaa	0.0	0	1	0	0
chap-ta$$$s16$p1	chapta	1.0	0	0	0	0
	chawta	0.0	0	0	1	0
	chalta	0.0	0	0	0	1
	chata	0.0	0	1	0	0
chap-e$$$s16$p2	chape	0.0	1	0	0	0
	chawe	1.0	0	0	1	0
	chale	0.0	0	0	0	1
	chae	0.0	0	1	0	0
chap-te$$$s16$p3	chapte	1.0	0	0	0	0
	chawte	0.0	0	0	1	0
	chalte	0.0	0	0	0	1
	chate	0.0	0	1	0	0
chap-i$$$s16$p4	chapi	0.0	1	0	0	0
	chawi	1.0	0	0	1	0
	chali	0.0	0	0	0	1
	chai	0.0	0	1	0	0
chap-ti$$$s16$p5	chapti	1.0	0	0	0	0
	chawti	0.0	0	0	1	0
	chalti	0.0	0	0	0	1
	chati	0.0	0	1	0	0
rep-a$$$s17$p0	repa	0.0	1	0	0	0
	rewa	1.0	0	0	1	0
	rela	0.0	0	0	0	1
	rea	0.0	0	1	0	0
rep-ta$$$s17$p1	repta	1.0	0	0	0	0
	rewta	0.0	0	0	1	0
	relta	0.0	0	0	0	1
	reta	0.0	0	1	0	0
rep-e$$$s17$p2	repe	0.0	1	0	0	0
	rewe	1.0	0	0	1	0
	rele	0.0	0	0	0	1
	ree	0.0	0	1	0	0
rep-te$$$s17$p3	repte	1.0	0	0	0	0
	rewte	0.0	0	0	1	0
	relte	0.0	0	0	0	1
	rete	0.0	0	1	0	0
rep-i$$$s17$p4	repi	0.0	1	0	0	0
	rewi	1.0	0	0	1	0
	reli	0.0	0	0	0	1
	rei	0.0	0	1	0	0
rep-ti$$$s17$p5	repti	1.0	0	0	0	0
	rewti	0.0	0	0	1	0
	relti	0.0	0	0	0	1
	reti	0.0	0	1	0	0
kop-a$$$s18$p0	kopa	0.0	1	0	0	0
	kowa	1.0	0	0	1	0
	kola	0.0	0	0	0	1
	koa	0.0	0	1	0	0
kop-ta$$$s18$p1	kopta	1.0	0	0	0	0
	kowta	0.0	0	0	1	0
	kolta	0.0	0	0	0	1
	kota	0.0	0	1	0	0
kop-e$$$s18$p2	kope	0.0	1	0	0	0
	kowe	1.0	0	0	1	0
	kole	0.0	0	0	0	1
	koe	0.0	0	1	0	0
kop-te$$$s18$p3	kopte	1.0	0	0	0	0
	kowte	0.0	0	0	1	0
	kolte	0.0	0	0	0	1
	kote	0.0	0	1	0	0
kop-i$$$s18$p4	kopi	0.0	1	0	0	0
	kowi	1.0	0	0	1	0
	koli	0.0	0	0	0	1
	koi	0.0	0	1	0	0
kop-ti$$$s18$p5	kopti	1.0	0	0	0	0
	kowti	0.0	0	0	1	0
	kolti	0.0	0	0	0	1
	koti	0.0	0	1	0	0
teup-a$$$s19$p0	teupa	0.0	1	0	0	0
	teuwa	1.0	0	0	1	0
	teula	0.0	0	0	0	1
	teua	0.0	0	1	0	0
teup-ta$$$s19$p1	teupta	1.0	0	0	0	0
	teuwta	0.0	0	0	1	0
	teulta	0.0	0	0	0	1
	teuta	0.0	0	1	0	0
teup-e$$$s19$p2	teupe	0.0	1	0	0	0
	teuwe	1.0	0	0	1	0
	teule	0.0	0	0	0	1
	teue	0.0	0	1	0	0
teup-te$$$s19$p3	teupte	1.0	0	0	0	0
	teuwte	0.0	0	0	1	0
	teulte	0.0	0	0	0	1
	teute	0.0	0	1	0	0
teup-i$$$s19$p4	teupi	0.0	1	0	0	0
	teuwi	1.0	0	0	1	0
	teuli	0.0	0	0	0	1
	teui	0.0	0	1	0	0
teup-ti$$$s19$p5	teupti	1.0	0	0	0	0
	teuwti	0.0	0	0	1	0
	teulti	0.0	0	0	0	1
	teuti	0.0	0	1	0	0
cheop-a$$$s20$p0	cheopa	0.0	1	0	0	0
	cheowa	1.0	0	0	1	0
	cheola	0.0	0	0	0	1
	cheoa	0.0	0	1	0	0
cheop-ta$$$s20$p1	cheopta	1.0	0	0	0	0
	cheowta	0.0	0	0	1	0
	cheolta	0.0	0	0	0	1
	cheota	0.0	0	1	0	0
cheop-e$$$s20$p2	cheope	0.0	1	0	0	0
	cheowe	1.0	0	0	1	0
	cheole	0.0	0	0	0	1
	cheoe	0.0	0	1	0	0
cheop-te$$$s20$p3	cheopte	1.0	0	0	0	0
	cheowte	0.0	0	0	1	0
	cheolte	0.0	0	0	0	1
	cheote	0.0	0	1	0	0
cheop-i$$$s20$p4	cheopi	0.0	1	0	0	0
	cheowi	1.0	0	0	1	0
	cheoli	0.0	0	0	0	1
	cheoi	0.0	0	1	0	0
cheop-ti$$$s20$p5	cheopti	1.0	0	0	0	0
	cheowti	0.0	0	0	1	0
	cheolti	0.0	0	0	0	1
	cheoti	0.0	0	1	0	0
tep-a$$$s21$p0	tepa	0.0	1	0	0	0
	tewa	1.0	0	0	1	0
	tela	0.0	0	0	0	1
	tea	0.0	0	1	0	0
tep-ta$$$s21$p1	tepta	1.0	0	0	0	0
	tewta	0.0	0	0	1	0
	telta	0.0	0	0	0	1
	teta	0.0	0	1	0	0
tep-e$$$s21$p2	tepe	0.0	1	0	0	0
	tewe	1.0	0	0	1	0
	tele	0.0	0	0	0	1
	tee	0.0	0	1	0	0
tep-te$$$s21$p3	tepte	1.0	0	0	0	0
	tewte	0.0	0	0	1	0
	telte	0.0	0	0	0	1
	tete	0.0	0	1	0	0
tep-i$$$s21$p4	tepi	0.0	1	0	0	0
	tewi	1.0	0	0	1	0
	teli	0.0	0	0	0	1
	tei	0.0	0	1	0	0
tep-ti$$$s21$p5	tepti	1.0	0	0	0	0
	tewti	0.0	0	0	1	0
	telti	0.0	0	0	0	1
	teti	0.0	0	1	0	0
heup-a$$$s22$p0	heupa	0.0	1	0	0	0
	heuwa	1.0	0	0	1	0
	heula	0.0	0	0	0	1
	heua	0.0	0	1	0	0
heup-ta$$$s22$p1	heupta	1.0	0	0	0	0
	heuwta	0.0	0	0	1	0
	heulta	0.0	0	0	0	1
	heuta	0.0	0	1	0	0
heup-e$$$s22$p2	heupe	0.0	1	0	0	0
	heuwe	1.0	0	0	1	0
	heule	0.0	0	0	0	1
	heue	0.0	0	1	0	0
heup-te$$$s22$p3	heupte	1.0	0	0	0	0
	heuwte	0.0	0	0	1	0
	heulte	0.0	0	0	0	1
	heute	0.0	0	1	0	0
heup-i$$$s22$p4	heupi	0.0	1	0	0	0
	heuwi	1.0	0	0	1	0
	heuli	0.0	0	0	0	1
	heui	0.0	0	1	0	0
heup-ti$$$s22$p5	heupti	1.0	0	0	0	0
	heuwti	0.0	0	0	1	0
	heulti	0.0	0	0	0	1
	heuti	0.0	0	1	0	0
rwip-a$$$s23$p0	rwipa	0.0	1	0	0	0
	rwiwa	1.0	0	0	1	0
	rwila	0.0	0	0	0	1
	rwia	0.0	0	1	0	0
rwip-ta$$$s23$p1	rwipta	1.0	0	0	0	0
	rwiwta	0.0	0	0	1	0
	rwilta	0.0	0	0	0	1
	rwita	0.0	0	1	0	0
rwip-e$$$s23$p2	rwipe	0.0	1	0	0	0
	rwiwe	1.0	0	0	1	0
	rwile	0.0	0	0	0	1
	rwie	0.0	0	1	0	0
rwip-te$$$s23$p3	rwipte	1.0	0	0	0	0
	rwiwte	0.0	0	0	1	0
	rwilte	0.0	0	0	0	1
	rwite	0.0	0	1	0	0
rwip-i$$$s23$p4	rwipi	0.0	1	0	0	0
	rwiwi	1.0	0	0	1	0
	rwili	0.0	0	0	0	1
	rwii	0.0	0	1	0	0
rwip-ti$$$s23$p5	rwipti	1.0	0	0	0	0
	rwiwti	0.0	0	0	1	0
	rwilti	0.0	0	0	0	1
	rwiti	0.0	0	1	0	0
jjwip-a$$$s24$p0	jjwipa	0.0	1	0	0	0
	jjwiwa	1.0	0	0	1	0
	jjwila	0.0	0	0	0	1
	jjwia	0.0	0	1	0	0
jjwip-ta$$$s24$p1	jjwipta	1.0	0	0	0	0
	jjwiwta	0.0	0	0	1	0
	jjwilta	0.0	0	0	0	1
	jjwita	0.0	0	1	0	0
jjwip-e$$$s24$p2	jjwipe	0.0	1	0	0	0
	jjwiwe	1.0	0	0	1	0
	jjwile	0.0	0	0	0	1
	jjwie	0.0	0	1	0	0
jjwip-te$$$s24$p3	jjwipte	1.0	0	0	0	0
	jjwiwte	0.0	0	0	1	0
	jjwilte	0.0	0	0	0	1
	jjwite	0.0	0	1	0	0
jjwip-i$$$s24$p4	jjwipi	0.0	1	0	0	0
	jjwiwi	1.0	0	0	1	0
	jjwili	0.0	0	0	0	1
	jjwii	0.0	0	1	0	0
jjwip-ti$$$s24$p5	jjwipti	1.0	0	0	0	0
	jjwiwti	0.0	0	0	1	0
	jjwilti	0.0	0	0	0	1
	jjwiti	0.0	0	1	0	0
paep-a$$$s25$p0	paepa	0.0	1	0	0	0
	paewa	1.0	0	0	1	0
	paela	0.0	0	0	0	1
	paea	0.0	0	1	0	0
paep-ta$$$s25$p1	paepta	1.0	0	0	0	0
	paewta	0.0	0	0	1	0
	paelta	0.0	0	0	0	1
	paeta	0.0	0	1	0	0
paep-e$$$s25$p2	paepe	0.0	1	0	0	0
	paewe	1.0	0	0	1	0
	paele	0.0	0	0	0	1
	paee	0.0	0	1	0	0
paep-te$$$s25$p3	paepte	1.0	0	0	0	0
	paewte	0.0	0	0	1	0
	paelte	0.0	0	0	0	1
	paete	0.0	0	1	0	0
paep-i$$$s25$p4	paepi	0.0	1	0	0	0
	paewi	1.0	0	0	1	0
	paeli	0.0	0	0	0	1
	paei	0.0	0	1	0	0
paep-ti$$$s25$p5	paepti	1.0	0	0	0	0
	paewti	0.0	0	0	1	0
	paelti	0.0	0	0	0	1
	paeti	0.0	0	1	0	0
bop-a$$$s26$p0	bopa	0.0	1	0	0	0
	bowa	1.0	0	0	1	0
	bola	0.0	0	0	0	1
	boa	0.0	0	1	0	0
bop-ta$$$s26$p1	bopta	1.0	0	0	0	0
	bowta	0.0	0	0	1	0
	bolta	0.0	0	0	0	1
	bota	0.0	0	1	0	0
bop-e$$$s26$p2	bope	0.0	1	0	0	0
	bowe	1.0	0	0	1	0
	bole	0.0	0	0	0	1
	boe	0.0	0	1	0	0
bop-te$$$s26$p3	bopte	1.0	0	0	0	0
	bowte	0.0	0	0	1	0
	bolte	0.0	0	0	0	1
	bote	0.0	0	1	0	0
bop-i$$$s26$p4	bopi	0.0	1	0	0	0
	bowi	1.0	0	0	1	0
	boli	0.0	0	0	0	1
	boi	0.0	0	1	0	0
bop-ti$$$s26$p5	bopti	1.0	0	0	0	0
	bowti	0.0	0	0	1	0
	bolti	0.0	0	0	0	1
	boti	0.0	0	1	0	0
bup-a$$$s27$p0	bupa	0.0	1	0	0	0
	buwa	1.0	0	0	1	0
	bula	0.0	0	0	0	1
	bua	0.0	0	1	0	0
bup-ta$$$s27$p1	bupta	1.0	0	0	0	0
	buwta	0.0	0	0	1	0
	bulta	0.0	0	0	0	1
	buta	0.0	0	1	0	0
bup-e$$$s27$p2	bupe	0.0	1	0	0	0
	buwe	1.0	0	0	1	0
	bule	0.0	0	0	0	1
	bue	0.0	0	1	0	0
bup-te$$$s27$p3	bupte	1.0	0	0	0	0
	buwte	0.0	0	0	1	0
	bulte	0.0	0	0	0	1
	bute	0.0	0	1	0	0
bup-i$$$s27$p4	bupi	0.0	1	0	0	0
	buwi	1.0	0	0	1	0
	buli	0.0	0	0	0	1
	bui	0.0	0	1	0	0
bup-ti$$$s27$p5	bupti	1.0	0	0	0	0
	buwti	0.0	0	0	1	0
	bulti	0.0	0	0	0	1
	buti	0.0	0	1	0	0
mip-a$$$s28$p0	mipa	0.0	1	0	0	0
	miwa	1.0	0	0	1	0
	mila	0.0	0	0	0	1
	mia	0.0	0	1	0	0
mip-ta$$$s28$p1	mipta	1.0	0	0	0	0
	miwta	0.0	0	0	1	0
	milta	0.0	0	0	0	1
	mita	0.0	0	1	0	0
mip-e$$$s28$p2	mipe	0.0	1	0	0	0
	miwe	1.0	0	0	1	0
	mile	0.0	0	0	0	1
	mie	0.0	0	1	0	0
mip-te$$$s28$p3	mipte	1.0	0	0	0	0
	miwte	0.0	0	0	1	0
	milte	0.0	0	0	0	1
	mite	0.0	0	1	0	0
mip-i$$$s28$p4	mipi	0.0	1	0	0	0
	miwi	1.0	0	0	1	0
	mili	0.0	0	0	0	1
	mii	0.0	0	1	0	0
mip-ti$$$s28$p5	mipti	1.0	0	0	0	0
	miwti	0.0	0	0	1	0
	milti	0.0	0	0	0	1
	miti	0.0	0	1	0	0
dwip-a$$$s29$p0	dwipa	0.0	1	0	0	0
	dwiwa	1.0	0	0	1	0
	dwila	0.0	0	0	0	1
	dwia	0.0	0	1	0	0
dwip-ta$$$s29$p1	dwipta	1.0	0	0	0	0
	dwiwta	0.0	0	0	1	0
	dwilta	0.0	0	0	0	1
	dwita	0.0	0	1	0	0
dwip-e$$$s29$p2	dwipe	0.0	1	0	0	0
	dwiwe	1.0	0	0	1	0
	dwile	0.0	0	0	0	1
	dwie	0.0	0	1	0	0
dwip-te$$$s29$p3	dwipte	1.0	0	0	0	0
	dwiwte	0.0	0	0	1	0
	dwilte	0.0	0	0	0	1
	dwite	0.0	0	1	0	0
dwip-i$$$s29$p4	dwipi	0.0	1	0	0	0
	dwiwi	1.0	0	0	1	0
	dwili	0.0	0	0	0	1
	dwii	0.0	0	1	0	0
dwip-ti$$$s29$p5	dwipti	1.0	0	0	0	0
	dwiwti	0.0	0	0	1	0
	dwilti	0.0	0	0	0	1
	dwiti	0.0	0	1	0	0
choep-a$$$s30$p0	choepa	0.0	1	0	0	0
	choewa	1.0	0	0	1	0
	choela	0.0	0	0	0	1
	choea	0.0	0	1	0	0
choep-ta$$$s30$p1	choepta	1.0	0	0	0	0
	choewta	0.0	0	0	1	0
	choelta	0.0	0	0	0	1
	choeta	0.0	0	1	0	0
choep-e$$$s30$p2	choepe	0.0	1	0	0	0
	choewe	1.0	0	0	1	0
	choele	0.0	0	0	0	1
	choee	0.0	0	1	0	0
choep-te$$$s30$p3	choepte	1.0	0	0	0	0
	choewte	0.0	0	0	1	0
	choelte	0.0	0	0	0	1
	choete	0.0	0	1	0	0
choep-i$$$s30$p4	choepi	0.0	1	0	0	0
	choewi	1.0	0	0	1	0
	choeli	0.0	0	0	0	1
	choei	0.0	0	1	0	0
choep-ti$$$s30$p5	choepti	1.0	0	0	0	0
	choewti	0.0	0	0	1	0
	choelti	0.0	0	0	0	1
	choeti	0.0	0	1	0	0
sop-a$$$s31$p0	sopa	0.0	1	0	0	0
	sowa	1.0	0	0	1	0
	sola	0.0	0	0	0	1
	soa	0.0	0	1	0	0
sop-ta$$$s31$p1	sopta	1.0	0	0	0	0
	sowta	0.0	0	0	1	0
	solta	0.0	0	0	0	1
	sota	0.0	0	1	0	0
sop-e$$$s31$p2	sope	0.0	1	0	0	0
	sowe	1.0	0	0	1	0
	sole	0.0	0	0	0	1
	soe	0.0	0	1	0	0
sop-te$$$s31$p3	sopte	1.0	0	0	0	0
	sowte	0.0	0	0	1	0
	solte	0.0	0	0	0	1
	sote	0.0	0	1	0	0
sop-i$$$s31$p4	sopi	0.0	1	0	0	0
	sowi	1.0	0	0	1	0
	soli	0.0	0	0	0	1
	soi	0.0	0	1	0	0
sop-ti$$$s31$p5	sopti	1.0	0	0	0	0
	sowti	0.0	0	0	1	0
	solti	0.0	0	0	0	1
	soti	0.0	0	1	0	0
swip-a$$$s32$p0	swipa	0.0	1	0	0	0
	swiwa	1.0	0	0	1	0
	swila	0.0	0	0	0	1
	swia	0.0	0	1	0	0
swip-ta$$$s32$p1	swipta	1.0	0	0	0	0
	swiwta	0.0	0	0	1	0
	swilta	0.0	0	0	0	1
	swita	0.0	0	1	0	0
swip-e$$$s32$p2	swipe	0.0	1	0	0	0
	swiwe	1.0	0	0	1	0
	swile	0.0	0	0	0	1
	swie	0.0	0	1	0	0
swip-te$$$s32$p3	swipte	1.0	0	0	0	0
	swiwte	0.0	0	0	1	0
	swilte	0.0	0	0	0	1
	swite	0.0	0	1	0	0
swip-i$$$s32$p4	swipi	0.0	1	0	0	0
	swiwi	1.0	0	0	1	0
	swili	0.0	0	0	0	1
	swii	0.0	0	1	0	0
swip-ti$$$s32$p5	swipti	1.0	0	0	0	0
	swiwti	0.0	0	0	1	0
	swilti	0.0	0	0	0	1
	switi	0.0	0	1	0	0
pwip-a$$$s33$p0	pwipa	0.0	1	0	0	0
	pwiwa	1.0	0	0	1	0
	pwila	0.0	0	0	0	1
	pwia	0.0	0	1	0	0
pwip-ta$$$s33$p1	pwipta	1.0	0	0	0	0
	pwiwta	0.0	0	0	1	0
	pwilta	0.0	0	0	0	1
	pwita	0.0	0	1	0	0
pwip-e$$$s33$p2	pwipe	0.0	1	0	0	0
	pwiwe	1.0	0	0	1	0
	pwile	0.0	0	0	0	1
	pwie	0.0	0	1	0	0
pwip-te$$$s33$p3	pwipte	1.0	0	0	0	0
	pwiwte	0.0	0	0	1	0
	pwilte	0.0	0	0	0	1
	pwite	0.0	0	1	0	0
pwip-i$$$s33$p4	pwipi	0.0	1	0	0	0
	pwiwi	1.0	0	0	1	0
	pwili	0.0	0	0	0	1
	pwii	0.0	0	1	0	0
pwip-ti$$$s33$p5	pwipti	1.0	0	0	0	0
	pwiwti	0.0	0	0	1	0
	pwilti	0.0	0	0	0	1
	pwiti	0.0	0	1	0	0
jjeop-a$$$s34$p0	jjeopa	0.0	1	0	0	0
	jjeowa	1.0	0	0	1	0
	jjeola	0.0	0	0	0	1
	jjeoa	0.0	0	1	0	0
jjeop-ta$$$s34$p1	jjeopta	1.0	0	0	0	0
	jjeowta	0.0	0	0	1	0
	jjeolta	0.0	0	0	0	1
	jjeota	0.0	0	1	0	0
jjeop-e$$$s34$p2	jjeope	0.0	1	0	0	0
	jjeowe	1.0	0	0	1	0
	jjeole	0.0	0	0	0	1
	jjeoe	0.0	0	1	0	0
jjeop-te$$$s34$p3	jjeopte	1.0	0	0	0	0
	jjeowte	0.0	0	0	1	0
	jjeolte	0.0	0	0	0	1
	jjeote	0.0	0	1	0	0
jjeop-i$$$s34$p4	jjeopi	0.0	1	0	0	0
	jjeowi	1.0	0	0	1	0
	jjeoli	0.0	0	0	0	1
	jjeoi	0.0	0	1	0	0
jjeop-ti$$$s34$p5	jjeopti	1.0	0	0	0	0
	jjeowti	0.0	0	0	1	0
	jjeolti	0.0	0	0	0	1
	jjeoti	0.0	0	1	0	0
keop-a$$$s35$p0	keopa	0.0	1	0	0	0
	keowa	1.0	0	0	1	0
	keola	0.0	0	0	0	1
	keoa	0.0	0	1	0	0
keop-ta$$$s35$p1	keopta	1.0	0	0	0	0
	keowta	0.0	0	0	1	0
	keolta	0.0	0	0	0	1
	keota	0.0	0	1	0	0
keop-e$$$s35$p2	keope	0.0	1	0	0	0
	keowe	1.0	0	0	1	0
	keole	0.0	0	0	0	1
	keoe	0.0	0	1	0	0
keop-te$$$s35$p3	keopte	1.0	0	0	0	0
	keowte	0.0	0	0	1	0
	keolte	0.0	0	0	0	1
	keote	0.0	0	1	0	0
keop-i$$$s35$p4	keopi	0.0	1	0	0	0
	keowi	1.0	0	0	1	0
	keoli	0.0	0	0	0	1
	keoi	0.0	0	1	0	0
keop-ti$$$s35$p5	keopti	1.0	0	0	0	0
	keowti	0.0	0	0	1	0
	keolti	0.0	0	0	0	1
	keoti	0.0	0	1	0	0
soep-a$$$s36$p0	soepa	0.0	1	0	0	0
	soewa	1.0	0	0	1	0
	soela	0.0	0	0	0	1
	soea	0.0	0	1	0	0
soep-ta$$$s36$p1	soepta	1.0	0	0	0	0
	soewta	0.0	0	0	1	0
	soelta	0.0	0	0	0	1
	soeta	0.0	0	1	0	0
soep-e$$$s36$p2	soepe	0.0	1	0	0	0
	soewe	1.0	0	0	1	0
	soele	0.0	0	0	0	1
	soee	0.0	0	1	0	0
soep-te$$$s36$p3	soepte	1.0	0	0	0	0
	soewte	0.0	0	0	1	0
	soelte	0.0	0	0	0	1
	soete	0.0	0	1	0	0
soep-i$$$s36$p4	soepi	0.0	1	0	0	0
	soewi	1.0	0	0	1	0
	soeli	0.0	0	0	0	1
	soei	0.0	0	1	0	0
soep-ti$$$s36$p5	soepti	1.0	0	0	0	0
	soewti	0.0	0	0	1	0
	soelti	0.0	0	0	0	1
	soeti	0.0	0	1	0	0
ssap-a$$$s37$p0	ssapa	0.0	1	0	0	0
	ssawa	1.0	0	0	1	0
	ssala	0.0	0	0	0	1
	ssaa	0.0	0	1	0	0
ssap-ta$$$s37$p1	ssapta	1.0	0	0	0	0
	ssawta	0.0	0	0	1	0
	ssalta	0.0	0	0	0	1
	ssata	0.0	0	1	0	0
ssap-e$$$s37$p2	ssape	0.0	1	0	0	0
	ssawe	1.0	0	0	1	0
	ssale	0.0	0	0	0	1
	ssae	0.0	0	1	0	0
ssap-te$$$s37$p3	ssapte	1.0	0	0	0	0
	ssawte	0.0	0	0	1	0
	ssalte	0.0	0	0	0	1
	ssate	0.0	0	1	0	0
ssap-i$$$s37$p4	ssapi	0.0	1	0	0	0
	ssawi	1.0	0	0	1	0
	ssali	0.0	0	0	0	1
	ssai	0.0	0	1	0	0
ssap-ti$$$s37$p5	ssapti	1.0	0	0	0	0
	ssawti	0.0	0	0	1	0
	ssalti	0.0	0	0	0	1
	ssati	0.0	0	1	0	0
taep-a$$$s38$p0	taepa	0.0	1	0	0	0
	taewa	1.0	0	0	1	0
	taela	0.0	0	0	0	1
	taea	0.0	0	1	0	0
taep-ta$$$s38$p1	taepta	1.0	0	0	0	0
	taewta	0.0	0	0	1	0
	taelta	0.0	0	0	0	1
	taeta	0.0	0	1	0	0
taep-e$$$s38$p2	taepe	0.0	1	0	0	0
	taewe	1.0	0	0	1	0
	taele	0.0	0	0	0	1
	taee	0.0	0	1	0	0
taep-te$$$s38$p3	taepte	1.0	0	0	0	0
	taewte	0.0	0	0	1	0
	taelte	0.0	0	0	0	1
	taete	0.0	0	1	0	0
taep-i$$$s38$p4	taepi	0.0	1	0	0	0
	taewi	1.0	0	0	1	0
	taeli	0.0	0	0	0	1
	taei	0.0	0	1	0	0
taep-ti$$$s38$p5	taepti	1.0	0	0	0	0
	taewti	0.0	0	0	1	0
	taelti	0.0	0	0	0	1
	taeti	0.0	0	1	0	0
mwip-a$$$s39$p0	mwipa	0.0	1	0	0	0
	mwiwa	1.0	0	0	1	0
	mwila	0.0	0	0	0	1
	mwia	0.0	0	1	0	0
mwip-ta$$$s39$p1	mwipta	1.0	0	0	0	0
	mwiwta	0.0	0	0	1	0
	mwilta	0.0	0	0	0	1
	mwita	0.0	0	1	0	0
mwip-e$$$s39$p2	mwipe	0.0	1	0	0	0
	mwiwe	1.0	0	0	1	0
	mwile	0.0	0	0	0	1
	mwie	0.0	0	1	0	0
mwip-te$$$s39$p3	mwipte	1.0	0	0	0	0
	mwiwte	0.0	0	0	1	0
	mwilte	0.0	0	0	0	1
	mwite	0.0	0	1	0	0
mwip-i$$$s39$p4	mwipi	0.0	1	0	0	0
	mwiwi	1.0	0	0	1	0
	mwili	0.0	0	0	0	1
	mwii	0.0	0	1	0	0
mwip-ti$$$s39$p5	mwipti	1.0	0	0	0	0
	mwiwti	0.0	0	0	1	0
	mwilti	0.0	0	0	0	1
	mwiti	0.0	0	1	0	0
rup-a$$$s40$p0	rupa	0.0	1	0	0	0
	ruwa	1.0	0	0	1	0
	rula	0.0	0	0	0	1
	rua	0.0	0	1	0	0
rup-ta$$$s40$p1	rupta	1.0	0	0	0	0
	ruwta	0.0	0	0	1	0
	rulta	0.0	0	0	0	1
	ruta	0.0	0	1	0	0
rup-e$$$s40$p2	rupe	0.0	1	0	0	0
	ruwe	1.0	0	0	1	0
	rule	0.0	0	0	0	1
	rue	0.0	0	1	0	0
rup-te$$$s40$p3	rupte	1.0	0	0	0	0
	ruwte	0.0	0	0	1	0
	rulte	0.0	0	0	0	1
	rute	0.0	0	1	0	0
rup-i$$$s40$p4	rupi	0.0	1	0	0	0
	ruwi	1.0	0	0	1	0
	ruli	0.0	0	0	0	1
	rui	0.0	0	1	0	0
rup-ti$$$s40$p5	rupti	1.0	0	0	0	0
	ruwti	0.0	0	0	1	0
	rulti	0.0	0	0	0	1
	ruti	0.0	0	1	0	0
chwip-a$$$s41$p0	chwipa	0.0	1	0	0	0
	chwiwa	1.0	0	0	1	0
	chwila	0.0	0	0	0	1
	chwia	0.0	0	1	0	0
chwip-ta$$$s41$p1	chwipta	1.0	0	0	0	0
	chwiwta	0.0	0	0	1	0
	chwilta	0.0	0	0	0	1
	chwita	0.0	0	1	0	0
chwip-e$$$s41$p2	chwipe	0.0	1	0	0	0
	chwiwe	1.0	0	0	1	0
	chwile	0.0	0	0	0	1
	chwie	0.0	0	1	0	0
chwip-te$$$s41$p3	chwipte	1.0	0	0	0	0
	chwiwte	0.0	0	0	1	0
	chwilte	0.0	0	0	0	1
	chwite	0.0	0	1	0	0
chwip-i$$$s41$p4	chwipi	0.0	1	0	0	0
	chwiwi	1.0	0	0	1	0
	chwili	0.0	0	0	0	1
	chwii	0.0	0	1	0	0
chwip-ti$$$s41$p5	chwipti	1.0	0	0	0	0
	chwiwti	0.0	0	0	1	0
	chwilti	0.0	0	0	0	1
	chwiti	0.0	0	1	0	0
bep-a$$$s42$p0	bepa	0.0	1	0	0	0
	bewa	1.0	0	0	1	0
	bela	0.0	0	0	0	1
	bea	0.0	0	1	0	0
bep-ta$$$s42$p1	bepta	1.0	0	0	0	0
	bewta	0.0	0	0	1	0
	belta	0.0	0	0	0	1
	beta	0.0	0	1	0	0
bep-e$$$s42$p2	bepe	0.0	1	0	0	0
	bewe	1.0	0	0	1	0
	bele	0.0	0	0	0	1
	bee	0.0	0	1	0	0
bep-te$$$s42$p3	bepte	1.0	0	0	0	0
	bewte	0.0	0	0	1	0
	belte	0.0	0	0	0	1
	bete	0.0	0	1	0	0
bep-i$$$s42$p4	bepi	0.0	1	0	0	0
	bewi	1.0	0	0	1	0
	beli	0.0	0	0	0	1
	bei	0.0	0	1	0	0
bep-ti$$$s42$p5	bepti	1.0	0	0	0	0
	bewti	0.0	0	0	1	0
	belti	0.0	0	0	0	1
	beti	0.0	0	1	0	0
peup-a$$$s43$p0	peupa	0.0	1	0	0	0
	peuwa	1.0	0	0	1	0
	peula	0.0	0	0	0	1
	peua	0.0	0	1	0	0
peup-ta$$$s43$p1	peupta	1.0	0	0	0	0
	peuwta	0.0	0	0	1	0
	peulta	0.0	0	0	0	1
	peuta	0.0	0	1	0	0
peup-e$$$s43$p2	peupe	0.0	1	0	0	0
	peuwe	1.0	0	0	1	0
	peule	0.0	0	0	0	1
	peue	0.0	0	1	0	0
peup-te$$$s43$p3	peupte	1.0	0	0	0	0
	peuwte	0.0	0	0	1	0
	peulte	0.0	0	0	0	1
	peute	0.0	0	1	0	0
peup-i$$$s43$p4	peupi	0.0	1	0	0	0
	peuwi	1.0	0	0	1	0
	peuli	0.0	0	0	0	1
	peui	0.0	0	1	0	0
peup-ti$$$s43$p5	peupti	1.0	0	0	0	0
	peuwti	0.0	0	0	1	0
	peulti	0.0	0	0	0	1
	peuti	0.0	0	1	0	0
ppep-a$$$s44$p0	ppepa	0.0	1	0	0	0
	ppewa	1.0	0	0	1	0
	ppela	0.0	0	0	0	1
	ppea	0.0	0	1	0	0
ppep-ta$$$s44$p1	ppepta	1.0	0	0	0	0
	ppewta	0.0	0	0	1	0
	ppelta	0.0	0	0	0	1
	ppeta	0.0	0	1	0	0
ppep-e$$$s44$p2	ppepe	0.0	1	0	0	0
	ppewe	1.0	0	0	1	0
	ppele	0.0	0	0	0	1
	ppee	0.0	0	1	0	0
ppep-te$$$s44$p3	ppepte	1.0	0	0	0	0
	ppewte	0.0	0	0	1	0
	ppelte	0.0	0	0	0	1
	ppete	0.0	0	1	0	0
ppep-i$$$s44$p4	ppepi	0.0	1	0	0	0
	ppewi	1.0	0	0	1	0
	ppeli	0.0	0	0	0	1
	ppei	0.0	0	1	0	0
ppep-ti$$$s44$p5	ppepti	1.0	0	0	0	0
	ppewti	0.0	0	0	1	0
	ppelti	0.0	0	0	0	1
	ppeti	0.0	0	1	0	0
chop-a$$$s45$p0	chopa	0.0	1	0	0	0
	chowa	1.0	0	0	1	0
	chola	0.0	0	0	0	1
	choa	0.0	0	1	0	0
chop-ta$$$s45$p1	chopta	1.0	0	0	0	0
	chowta	0.0	0	0	1	0
	cholta	0.0	0	0	0	1
	chota	0.0	0	1	0	0
chop-e$$$s45$p2	chope	0.0	1	0	0	0
	chowe	1.0	0	0	1	0
	chole	0.0	0	0	0	1
	choe	0.0	0	1	0	0
chop-te$$$s45$p3	chopte	1.0	0	0	0	0
	chowte	0.0	0	0	1	0
	cholte	0.0	0	0	0	1
	chote	0.0	0	1	0	0
chop-i$$$s45$p4	chopi	0.0	1	0	0	0
	chowi	1.0	0	0	1	0
	choli	0.0	0	0	0	1
	choi	0.0	0	1	0	0
chop-ti$$$s45$p5	chopti	1.0	0	0	0	0
	chowti	0.0	0	0	1	0
	cholti	0.0	0	0	0	1
	choti	0.0	0	1	0	0
keup-a$$$s46$p0	keupa	0.0	1	0	0	0
	keuwa	1.0	0	0	1	0
	keula	0.0	0	0	0	1
	keua	0.0	0	1	0	0
keup-ta$$$s46$p1	keupta	1.0	0	0	0	0
	keuwta	0.0	0	0	1	0
	keulta	0.0	0	0	0	1
	keuta	0.0	0	1	0	0
keup-e$$$s46$p2	keupe	0.0	1	0	0	0
	keuwe	1.0	0	0	1	0
	keule	0.0	0	0	0	1
	keue	0.0	0	1	0	0
keup-te$$$s46$p3	keupte	1.0	0	0	0	0
	keuwte	0.0	0	0	1	0
	keulte	0.0	0	0	0	1
	keute	0.0	0	1	0	0
keup-i$$$s46$p4	keupi	0.0	1	0	0	0
	keuwi	1.0	0	0	1	0
	keuli	0.0	0	0	0	1
	keui	0.0	0	1	0	0
keup-ti$$$s46$p5	keupti	1.0	0	0	0	0
	keuwti	0.0	0	0	1	0
	keulti	0.0	0	0	0	1
	keuti	0.0	0	1	0	0
geup-a$$$s47$p0	geupa	0.0	1	0	0	0
	geuwa	1.0	0	0	1	0
	geula	0.0	0	0	0	1
	geua	0.0	0	1	0	0
geup-ta$$$s47$p1	geupta	1.0	0	0	0	0
	geuwta	0.0	0	0	1	0
	geulta	0.0	0	0	0	1
	geuta	0.0	0	1	0	0
geup-e$$$s47$p2	geupe	0.0	1	0	0	0
	geuwe	1.0	0	0	1	0
	geule	0.0	0	0	0	1
	geue	0.0	0	1	0	0
geup-te$$$s47$p3	geupte	1.0	0	0	0	0
	geuwte	0.0	0	0	1	0
	geulte	0.0	0	0	0	1
	geute	0.0	0	1	0	0
geup-i$$$s47$p4	geupi	0.0	1	0	0	0
	geuwi	1.0	0	0	1	0
	geuli	0.0	0	0	0	1
	geui	0.0	0	1	0	0
geup-ti$$$s47$p5	geupti	1.0	0	0	0	0
	geuwti	0.0	0	0	1	0
	geulti	0.0	0	0	0	1
	geuti	0.0	0	1	0	0
nip-a$$$s48$p0	nipa	0.0	1	0	0	0
	niwa	1.0	0	0	1	0
	nila	0.0	0	0	0	1
	nia	0.0	0	1	0	0
nip-ta$$$s48$p1	nipta	1.0	0	0	0	0
	niwta	0.0	0	0	1	0
	nilta	0.0	0	0	0	1
	nita	0.0	0	1	0	0
nip-e$$$s48$p2	nipe	0.0	1	0	0	0
	niwe	1.0	0	0	1	0
	nile	0.0	0	0	0	1
	nie	0.0	0	1	0	0
nip-te$$$s48$p3	nipte	1.0	0	0	0	0
	niwte	0.0	0	0	1	0
	nilte	0.0	0	0	0	1
	nite	0.0	0	1	0	0
nip-i$$$s48$p4	nipi	0.0	1	0	0	0
	niwi	1.0	0	0	1	0
	nili	0.0	0	0	0	1
	nii	0.0	0	1	0	0
nip-ti$$$s48$p5	nipti	1.0	0	0	0	0
	niwti	0.0	0	0	1	0
	nilti	0.0	0	0	0	1
	niti	0.0	0	1	0	0
ppip-a$$$s49$p0	ppipa	0.0	1	0	0	0
	ppiwa	1.0	0	0	1	0
	ppila	0.0	0	0	0	1
	ppia	0.0	0	1	0	0
ppip-ta$$$s49$p1	ppipta	1.0	0	0	0	0
	ppiwta	0.0	0	0	1	0
	ppilta	0.0	0	0	0	1
	ppita	0.0	0	1	0	0
ppip-e$$$s49$p2	ppipe	0.0	1	0	0	0
	ppiwe	1.0	0	0	1	0
	ppile	0.0	0	0	0	1
	ppie	0.0	0	1	0	0
ppip-te$$$s49$p3	ppipte	1.0	0	0	0	0
	ppiwte	0.0	0	0	1	0
	ppilte	0.0	0	0	0	1
	ppite	0.0	0	1	0	0
ppip-i$$$s49$p4	ppipi	0.0	1	0	0	0
	ppiwi	1.0	0	0	1	0
	ppili	0.0	0	0	0	1
	ppii	0.0	0	1	0	0
ppip-ti$$$s49$p5	ppipti	1.0	0	0	0	0
	ppiwti	0.0	0	0	1	0
	ppilti	0.0	0	0	0	1
	ppiti	0.0	0	1	0	0
saep-a$$$s50$p0	saepa	0.0	1	0	0	0
	saewa	1.0	0	0	1	0
	saela	0.0	0	0	0	1
	saea	0.0	0	1	0	0
saep-ta$$$s50$p1	saepta	1.0	0	0	0	0
	saewta	0.0	0	0	1	0
	saelta	0.0	0	0	0	1
	saeta	0.0	0	1	0	0
saep-e$$$s50$p2	saepe	0.0	1	0	0	0
	saewe	1.0	0	0	1	0
	saele	0.0	0	0	0	1
	saee	0.0	0	1	0	0
saep-te$$$s50$p3	saepte	1.0	0	0	0	0
	saewte	0.0	0	0	1	0
	saelte	0.0	0	0	0	1
	saete	0.0	0	1	0	0
saep-i$$$s50$p4	saepi	0.0	1	0	0	0
	saewi	1.0	0	0	1	0
	saeli	0.0	0	0	0	1
	saei	0.0	0	1	0	0
saep-ti$$$s50$p5	saepti	1.0	0	0	0	0
	saewti	0.0	0	0	1	0
	saelti	0.0	0	0	0	1
	saeti	0.0	0	1	0	0
noep-a$$$s51$p0	noepa	0.0	1	0	0	0
	noewa	1.0	0	0	1	0
	noela	0.0	0	0	0	1
	noea	0.0	0	1	0	0
noep-ta$$$s51$p1	noepta	1.0	0	0	0	0
	noewta	0.0	0	0	1	0
	noelta	0.0	0	0	0	1
	noeta	0.0	0	1	0	0
noep-e$$$s51$p2	noepe	0.0	1	0	0	0
	noewe	1.0	0	0	1	0
	noele	0.0	0	0	0	1
	noee	0.0	0	1	0	0
noep-te$$$s51$p3	noepte	1.0	0	0	0	0
	noewte	0.0	0	0	1	0
	noelte	0.0	0	0	0	1
	noete	0.0	0	1	0	0
noep-i$$$s51$p4	noepi	0.0	1	0	0	0
	noewi	1.0	0	0	1	0
	noeli	0.0	0	0	0	1
	noei	0.0	0	1	0	0
noep-ti$$$s51$p5	noepti	1.0	0	0	0	0
	noewti	0.0	0	0	1	0
	noelti	0.0	0	0	0	1
	noeti	0.0	0	1	0	0
kkap-a$$$s52$p0	kkapa	0.0	1	0	0	0
	kkawa	1.0	0	0	1	0
	kkala	0.0	0	0	0	1
	kkaa	0.0	0	1	0	0
kkap-ta$$$s52$p1	kkapta	1.0	0	0	0	0
	kkawta	0.0	0	0	1	0
	kkalta	0.0	0	0	0	1
	kkata	0.0	0	1	0	0
kkap-e$$$s52$p2	kkape	0.0	1	0	0	0
	kkawe	1.0	0	0	1	0
	kkale	0.0	0	0	0	1
	kkae	0.0	0	1	0	0
kkap-te$$$s52$p3	kkapte	1.0	0	0	0	0
	kkawte	0.0	0	0	1	0
	kkalte	0.0	0	0	0	1
	kkate	0.0	0	1	0	0
kkap-i$$$s52$p4	kkapi	0.0	1	0	0	0
	kkawi	1.0	0	0	1	0
	kkali	0.0	0	0	0	1
	kkai	0.0	0	1	0	0
kkap-ti$$$s52$p5	kkapti	1.0	0	0	0	0
	kkawti	0.0	0	0	1	0
	kkalti	0.0	0	0	0	1
	kkati	0.0	0	1	0	0
jjup-a$$$s53$p0	jjupa	0.0	1	0	0	0
	jjuwa	1.0	0	0	1	0
	jjula	0.0	0	0	0	1
	jjua	0.0	0	1	0	0
jjup-ta$$$s53$p1	jjupta	1.0	0	0	0	0
	jjuwta	0.0	0	0	1	0
	jjulta	0.0	0	0	0	1
	jjuta	0.0	0	1	0	0
jjup-e$$$s53$p2	jjupe	0.0	1	0	0	0
	jjuwe	1.0	0	0	1	0
	jjule	0.0	0	0	0	1
	jjue	0.0	0	1	0	0
jjup-te$$$s53$p3	jjupte	1.0	0	0	0	0
	jjuwte	0.0	0	0	1	0
	jjulte	0.0	0	0	0	1
	jjute	0.0	0	1	0	0
jjup-i$$$s53$p4	jjupi	0.0	1	0	0	0
	jjuwi	1.0	0	0	1	0
	jjuli	0.0	0	0	0	1
	jjui	0.0	0	1	0	0
jjup-ti$$$s53$p5	jjupti	1.0	0	0	0	0
	jjuwti	0.0	0	0	1	0
	jjulti	0.0	0	0	0	1
	jjuti	0.0	0	1	0	0
gwip-a$$$s54$p0	gwipa	0.0	1	0	0	0
	gwiwa	1.0	0	0	1	0
	gwila	0.0	0	0	0	1
	gwia	0.0	0	1	0	0
gwip-ta$$$s54$p1	gwipta	1.0	0	0	0	0
	gwiwta	0.0	0	0	1	0
	gwilta	0.0	0	0	0	1
	gwita	0.0	0	1	0	0
gwip-e$$$s54$p2	gwipe	0.0	1	0	0	0
	gwiwe	1.0	0	0	1	0
	gwile	0.0	0	0	0	1
	gwie	0.0	0	1	0	0
gwip-te$$$s54$p3	gwipte	1.0	0	0	0	0
	gwiwte	0.0	0	0	1	0
	gwilte	0.0	0	0	0	1
	gwite	0.0	0	1	0	0
gwip-i$$$s54$p4	gwipi	0.0	1	0	0	0
	gwiwi	1.0	0	0	1	0
	gwili	0.0	0	0	0	1
	gwii	0.0	0	1	0	0
gwip-ti$$$s54$p5	gwipti	1.0	0	0	0	0
	gwiwti	0.0	0	0	1	0
	gwilti	0.0	0	0	0	1
	gwiti	0.0	0	1	0	0
jjep-a$$$s55$p0	jjepa	0.0	1	0	0	0
	jjewa	1.0	0	0	1	0
	jjela	0.0	0	0	0	1
	jjea	0.0	0	1	0	0
jjep-ta$$$s55$p1	jjepta	1.0	0	0	0	0
	jjewta	0.0	0	0	1	0
	jjelta	0.0	0	0	0	1
	jjeta	0.0	0	1	0	0
jjep-e$$$s55$p2	jjepe	0.0	1	0	0	0
	jjewe	1.0	0	0	1	0
	jjele	0.0	0	0	0	1
	jjee	0.0	0	1	0	0
jjep-te$$$s55$p3	jjepte	1.0	0	0	0	0
	jjewte	0.0	0	0	1	0
	jjelte	0.0	0	0	0	1
	jjete	0.0	0	1	0	0
jjep-i$$$s55$p4	jjepi	0.0	1	0	0	0
	jjewi	1.0	0	0	1	0
	jjeli	0.0	0	0	0	1
	jjei	0.0	0	1	0	0
jjep-ti$$$s55$p5	jjepti	1.0	0	0	0	0
	jjewti	0.0	0	0	1	0
	jjelti	0.0	0	0	0	1
	jjeti	0.0	0	1	0	0
meup-a$$$s56$p0	meupa	0.0	1	0	0	0
	meuwa	1.0	0	0	1	0
	meula	0.0	0	0	0	1
	meua	0.0	0	1	0	0
meup-ta$$$s56$p1	meupta	1.0	0	0	0	0
	meuwta	0.0	0	0	1	0
	meulta	0.0	0	0	0	1
	meuta	0.0	0	1	0	0
meup-e$$$s56$p2	meupe	0.0	1	0	0	0
	meuwe	1.0	0	0	1	0
	meule	0.0	0	0	0	1
	meue	0.0	0	1	0	0
meup-te$$$s56$p3	meupte	1.0	0	0	0	0
	meuwte	0.0	0	0	1	0
	meulte	0.0	0	0	0	1
	meute	0.0	0	1	0	0
meup-i$$$s56$p4	meupi	0.0	1	0	0	0
	meuwi	1.0	0	0	1	0
	meuli	0.0	0	0	0	1
	meui	0.0	0	1	0	0
meup-ti$$$s56$p5	meupti	1.0	0	0	0	0
	meuwti	0.0	0	0	1	0
	meulti	0.0	0	0	0	1
	meuti	0.0	0	1	0	0
ttop-a$$$s57$p0	ttopa	0.0	1	0	0	0
	ttowa	1.0	0	0	1	0
	ttola	0.0	0	0	0	1
	ttoa	0.0	0	1	0	0
ttop-ta$$$s57$p1	ttopta	1.0	0	0	0	0
	ttowta	0.0	0	0	1	0
	ttolta	0.0	0	0	0	1
	ttota	0.0	0	1	0	0
ttop-e$$$s57$p2	ttope	0.0	1	0	0	0
	ttowe	1.0	0	0	1	0
	ttole	0.0	0	0	0	1
	ttoe	0.0	0	1	0	0
ttop-te$$$s57$p3	ttopte	1.0	0	0	0	0
	ttowte	0.0	0	0	1	0
	ttolte	0.0	0	0	0	1
	ttote	0.0	0	1	0	0
ttop-i$$$s57$p4	ttopi	0.0	1	0	0	0
	ttowi	1.0	0	0	1	0
	ttoli	0.0	0	0	0	1
	ttoi	0.0	0	1	0	0
ttop-ti$$$s57$p5	ttopti	1.0	0	0	0	0
	ttowti	0.0	0	0	1	0
	ttolti	0.0	0	0	0	1
	ttoti	0.0	0	1	0	0
jep-a$$$s58$p0	jepa	0.0	1	0	0	0
	jewa	1.0	0	0	1	0
	jela	0.0	0	0	0	1
	jea	0.0	0	1	0	0
jep-ta$$$s58$p1	jepta	1.0	0	0	0	0
	jewta	0.0	0	0	1	0
	jelta	0.0	0	0	0	1
	jeta	0.0	0	1	0	0
jep-e$$$s58$p2	jepe	0.0	1	0	0	0
	jewe	1.0	0	0	1	0
	jele	0.0	0	0	0	1
	jee	0.0	0	1	0	0
jep-te$$$s58$p3	jepte	1.0	0	0	0	0
	jewte	0.0	0	0	1	0
	jelte	0.0	0	0	0	1
	jete	0.0	0	1	0	0
jep-i$$$s58$p4	jepi	0.0	1	0	0	0
	jewi	1.0	0	0	1	0
	jeli	0.0	0	0	0	1
	jei	0.0	0	1	0	0
jep-ti$$$s58$p5	jepti	1.0	0	0	0	0
	jewti	0.0	0	0	1	0
	jelti	0.0	0	0	0	1
	jeti	0.0	0	1	0	0
daep-a$$$s59$p0	daepa	0.0	1	0	0	0
	daewa	1.0	0	0	1	0
	daela	0.0	0	0	0	1
	daea	0.0	0	1	0	0
daep-ta$$$s59$p1	daepta	1.0	0	0	0	0
	daewta	0.0	0	0	1	0
	daelta	0.0	0	0	0	1
	daeta	0.0	0	1	0	0
daep-e$$$s59$p2	daepe	0.0	1	0	0	0
	daewe	1.0	0	0	1	0
	daele	0.0	0	0	0	1
	daee	0.0	0	1	0	0
daep-te$$$s59$p3	daepte	1.0	0	0	0	0
	daewte	0.0	0	0	1	0
	daelte	0.0	0	0	0	1
	daete	0.0	0	1	0	0
daep-i$$$s59$p4	daepi	0.0	1	0	0	0
	daewi	1.0	0	0	1	0
	daeli	0.0	0	0	0	1
	daei	0.0	0	1	0	0
daep-ti$$$s59$p5	daepti	1.0	0	0	0	0
	daewti	0.0	0	0	1	0
	daelti	0.0	0	0	0	1
	daeti	0.0	0	1	0	0
joep-a$$$s60$p0	joepa	0.0	1	0	0	0
	joewa	1.0	0	0	1	0
	joela	0.0	0	0	0	1
	joea	0.0	0	1	0	0
joep-ta$$$s60$p1	joepta	1.0	0	0	0	0
	joewta	0.0	0	0	1	0
	joelta	0.0	0	0	0	1
	joeta	0.0	0	1	0	0
joep-e$$$s60$p2	joepe	0.0	1	0	0	0
	joewe	1.0	0	0	1	0
	joele	0.0	0	0	0	1
	joee	0.0	0	1	0	0
joep-te$$$s60$p3	joepte	1.0	0	0	0	0
	joewte	0.0	0	0	1	0
	joelte	0.0	0	0	0	1
	joete	0.0	0	1	0	0
joep-i$$$s60$p4	joepi	0.0	1	0	0	0
	joewi	1.0	0	0	1	0
	joeli	0.0	0	0	0	1
	joei	0.0	0	1	0	0
joep-ti$$$s60$p5	joepti	1.0	0	0	0	0
	joewti	0.0	0	0	1	0
	joelti	0.0	0	0	0	1
	joeti	0.0	0	1	0	0
mop-a$$$s61$p0	mopa	0.0	1	0	0	0
	mowa	1.0	0	0	1	0
	mola	0.0	0	0	0	1
	moa	0.0	0	1	0	0
mop-ta$$$s61$p1	mopta	1.0	0	0	0	0
	mowta	0.0	0	0	1	0
	molta	0.0	0	0	0	1
	mota	0.0	0	1	0	0
mop-e$$$s61$p2	mope	0.0	1	0	0	0
	mowe	1.0	0	0	1	0
	mole	0.0	0	0	0	1
	moe	0.0	0	1	0	0
mop-te$$$s61$p3	mopte	1.0	0	0	0	0
	mowte	0.0	0	0	1	0
	molte	0.0	0	0	0	1
	mote	0.0	0	1	0	0
mop-i$$$s61$p4	mopi	0.0	1	0	0	0
	mowi	1.0	0	0	1	0
	moli	0.0	0	0	0	1
	moi	0.0	0	1	0	0
mop-ti$$$s61$p5	mopti	1.0	0	0	0	0
	mowti	0.0	0	0	1	0
	molti	0.0	0	0	0	1
	moti	0.0	0	1	0	0
mep-a$$$s62$p0	mepa	0.0	1	0	0	0
	mewa	1.0	0	0	1	0
	mela	0.0	0	0	0	1
	mea	0.0	0	1	0	0
mep-ta$$$s62$p1	mepta	1.0	0	0	0	0
	mewta	0.0	0	0	1	0
	melta	0.0	0	0	0	1
	meta	0.0	0	1	0	0
mep-e$$$s62$p2	mepe	0.0	1	0	0	0
	mewe	1.0	0	0	1	0
	mele	0.0	0	0	0	1
	mee	0.0	0	1	0	0
mep-te$$$s62$p3	mepte	1.0	0	0	0	0
	mewte	0.0	0	0	1	0
	melte	0.0	0	0	0	1
	mete	0.0	0	1	0	0
mep-i$$$s62$p4	mepi	0.0	1	0	0	0
	mewi	1.0	0	0	1	0
	meli	0.0	0	0	0	1
	mei	0.0	0	1	0	0
mep-ti$$$s62$p5	mepti	1.0	0	0	0	0
	mewti	0.0	0	0	1	0
	melti	0.0	0	0	0	1
	meti	0.0	0	1	0	0
ssoep-a$$$s63$p0	ssoepa	0.0	1	0	0	0
	ssoewa	1.0	0	0	1	0
	ssoela	0.0	0	0	0	1
	ssoea	0.0	0	1	0	0
ssoep-ta$$$s63$p1	ssoepta	1.0	0	0	0	0
	ssoewta	0.0	0	0	1	0
	ssoelta	0.0	0	0	0	1
	ssoeta	0.0	0	1	0	0
ssoep-e$$$s63$p2	ssoepe	0.0	1	0	0	0
	ssoewe	1.0	0	0	1	0
	ssoele	0.0	0	0	0	1
	ssoee	0.0	0	1	0	0
ssoep-te$$$s63$p3	ssoepte	1.0	0	0	0	0
	ssoewte	0.0	0	0	1	0
	ssoelte	0.0	0	0	0	1
	ssoete	0.0	0	1	0	0
ssoep-i$$$s63$p4	ssoepi	0.0	1	0	0	0
	ssoewi	1.0	0	0	1	0
	ssoeli	0.0	0	0	0	1
	ssoei	0.0	0	1	0	0
ssoep-ti$$$s63$p5	ssoepti	1.0	0	0	0	0
	ssoewti	0.0	0	0	1	0
	ssoelti	0.0	0	0	0	1
	ssoeti	0.0	0	1	0	0
ttaep-a$$$s64$p0	ttaepa	0.0	1	0	0	0
	ttaewa	1.0	0	0	1	0
	ttaela	0.0	0	0	0	1
	ttaea	0.0	0	1	0	0
ttaep-ta$$$s64$p1	ttaepta	1.0	0	0	0	0
	ttaewta	0.0	0	0	1	0
	ttaelta	0.0	0	0	0	1
	ttaeta	0.0	0	1	0	0
ttaep-e$$$s64$p2	ttaepe	0.0	1	0	0	0
	ttaewe	1.0	0	0	1	0
	ttaele	0.0	0	0	0	1
	ttaee	0.0	0	1	0	0
ttaep-te$$$s64$p3	ttaepte	1.0	0	0	0	0
	ttaewte	0.0	0	0	1	0
	ttaelte	0.0	0	0	0	1
	ttaete	0.0	0	1	0	0
ttaep-i$$$s64$p4	ttaepi	0.0	1	0	0	0
	ttaewi	1.0	0	0	1	0
	ttaeli	0.0	0	0	0	1
	ttaei	0.0	0	1	0	0
ttaep-ti$$$s64$p5	ttaepti	1.0	0	0	0	0
	ttaewti	0.0	0	0	1	0
	ttaelti	0.0	0	0	0	1
	ttaeti	0.0	0	1	0	0
reop-a$$$s65$p0	reopa	0.0	1	0	0	0
	reowa	1.0	0	0	1	0
	reola	0.0	0	0	0	1
	reoa	0.0	0	1	0	0
reop-ta$$$s65$p1	reopta	1.0	0	0	0	0
	reowta	0.0	0	0	1	0
	reolta	0.0	0	0	0	1
	reota	0.0	0	1	0	0
reop-e$$$s65$p2	reope	0.0	1	0	0	0
	reowe	1.0	0	0	1	0
	reole	0.0	0	0	0	1
	reoe	0.0	0	1	0	0
reop-te$$$s65$p3	reopte	1.0	0	0	0	0
	reowte	0.0	0	0	1	0
	reolte	0.0	0	0	0	1
	reote	0.0	0	1	0	0
reop-i$$$s65$p4	reopi	0.0	1	0	0	0
	reowi	1.0	0	0	1	0
	reoli	0.0	0	0	0	1
	reoi	0.0	0	1	0	0
reop-ti$$$s65$p5	reopti	1.0	0	0	0	0
	reowti	0.0	0	0	1	0
	reolti	0.0	0	0	0	1
	reoti	0.0	0	1	0	0
jjop-a$$$s66$p0	jjopa	0.0	1	0	0	0
	jjowa	1.0	0	0	1	0
	jjola	0.0	0	0	0	1
	jjoa	0.0	0	1	0	0
jjop-ta$$$s66$p1	jjopta	1.0	0	0	0	0
	jjowta	0.0	0	0	1	0
	jjolta	0.0	0	0	0	1
	jjota	0.0	0	1	0	0
jjop-e$$$s66$p2	jjope	0.0	1	0	0	0
	jjowe	1.0	0	0	1	0
	jjole	0.0	0	0	0	1
	jjoe	0.0	0	1	0	0
jjop-te$$$s66$p3	jjopte	1.0	0	0	0	0
	jjowte	0.0	0	0	1	0
	jjolte	0.0	0	0	0	1
	jjote	0.0	0	1	0	0
jjop-i$$$s66$p4	jjopi	0.0	1	0	0	0
	jjowi	1.0	0	0	1	0
	jjoli	0.0	0	0	0	1
	jjoi	0.0	0	1	0	0
jjop-ti$$$s66$p5	jjopti	1.0	0	0	0	0
	jjowti	0.0	0	0	1	0
	jjolti	0.0	0	0	0	1
	jjoti	0.0	0	1	0	0
ppap-a$$$s67$p0	ppapa	0.0	1	0	0	0
	ppawa	1.0	0	0	1	0
	ppala	0.0	0	0	0	1
	ppaa	0.0	0	1	0	0
ppap-ta$$$s67$p1	ppapta	1.0	0	0	0	0
	ppawta	0.0	0	0	1	0
	ppalta	0.0	0	0	0	1
	ppata	0.0	0	1	0	0
ppap-e$$$s67$p2	ppape	0.0	1	0	0	0
	ppawe	1.0	0	0	1	0
	ppale	0.0	0	0	0	1
	ppae	0.0	0	1	0	0
ppap-te$$$s67$p3	ppapte	1.0	0	0	0	0
	ppawte	0.0	0	0	1	0
	ppalte	0.0	0	0	0	1
	ppate	0.0	0	1	0	0
ppap-i$$$s67$p4	ppapi	0.0	1	0	0	0
	ppawi	1.0	0	0	1	0
	ppali	0.0	0	0	0	1
	ppai	0.0	0	1	0	0
ppap-ti$$$s67$p5	ppapti	1.0	0	0	0	0
	ppawti	0.0	0	0	1	0
	ppalti	0.0	0	0	0	1
	ppati	0.0	0	1	0	0
jaep-a$$$s68$p0	jaepa	1.0	1	0	0	0
	jaewa	0.0	0	0	1	0
	jaela	0.0	0	0	0	1
	jaea	0.0	0	1	0	0
jaep-ta$$$s68$p1	jaepta	1.0	0	0	0	0
	jaewta	0.0	0	0	1	0
	jaelta	0.0	0	0	0	1
	jaeta	0.0	0	1	0	0
jaep-e$$$s68$p2	jaepe	1.0	1	0	0	0
	jaewe	0.0	0	0	1	0
	jaele	0.0	0	0	0	1
	jaee	0.0	0	1	0	0
jaep-te$$$s68$p3	jaepte	1.0	0	0	0	0
	jaewte	0.0	0	0	1	0
	jaelte	0.0	0	0	0	1
	jaete	0.0	0	1	0	0
jaep-i$$$s68$p4	jaepi	1.0	1	0	0	0
	jaewi	0.0	0	0	1	0
	jaeli	0.0	0	0	0	1
	jaei	0.0	0	1	0	0
jaep-ti$$$s68$p5	jaepti	1.0	0	0	0	0
	jaewti	0.0	0	0	1	0
	jaelti	0.0	0	0	0	1
	jaeti	0.0	0	1	0	0
kkep-a$$$s69$p0	kkepa	1.0	1	0	0	0
	kkewa	0.0	0	0	1	0
	kkela	0.0	0	0	0	1
	kkea	0.0	0	1	0	0
kkep-ta$$$s69$p1	kkepta	1.0	0	0	0	0
	kkewta	0.0	0	0	1	0
	kkelta	0.0	0	0	0	1
	kketa	0.0	0	1	0	0
kkep-e$$$s69$p2	kkepe	1.0	1	0	0	0
	kkewe	0.0	0	0	1	0
	kkele	0.0	0	0	0	1
	kkee	0.0	0	1	0	0
kkep-te$$$s69$p3	kkepte	1.0	0	0	0	0
	kkewte	0.0	0	0	1	0
	kkelte	0.0	0	0	0	1
	kkete	0.0	0	1	0	0
kkep-i$$$s69$p4	kkepi	1.0	1	0	0	0
	kkewi	0.0	0	0	1	0
	kkeli	0.0	0	0	0	1
	kkei	0.0	0	1	0	0
kkep-ti$$$s69$p5	kkepti	1.0	0	0	0	0
	kkewti	0.0	0	0	1	0
	kkelti	0.0	0	0	0	1
	kketi	0.0	0	1	0	0
jjip-a$$$s70$p0	jjipa	1.0	1	0	0	0
	jjiwa	0.0	0	0	1	0
	jjila	0.0	0	0	0	1
	jjia	0.0	0	1	0	0
jjip-ta$$$s70$p1	jjipta	1.0	0	0	0	0
	jjiwta	0.0	0	0	1	0
	jjilta	0.0	0	0	0	1
	jjita	0.0	0	1	0	0
jjip-e$$$s70$p2	jjipe	1.0	1	0	0	0
	jjiwe	0.0	0	0	1	0
	jjile	0.0	0	0	0	1
	jjie	0.0	0	1	0	0
jjip-te$$$s70$p3	jjipte	1.0	0	0	0	0
	jjiwte	0.0	0	0	1	0
	jjilte	0.0	0	0	0	1
	jjite	0.0	0	1	0	0
jjip-i$$$s70$p4	jjipi	1.0	1	0	0	0
	jjiwi	0.0	0	0	1	0
	jjili	0.0	0	0	0	1
	jjii	0.0	0	1	0	0
jjip-ti$$$s70$p5	jjipti	1.0	0	0	0	0
	jjiwti	0.0	0	0	1	0
	jjilti	0.0	0	0	0	1
	jjiti	0.0	0	1	0	0
rap-a$$$s71$p0	rapa	1.0	1	0	0	0
	rawa	0.0	0	0	1	0
	rala	0.0	0	0	0	1
	raa	0.0	0	1	0	0
rap-ta$$$s71$p1	rapta	1.0	0	0	0	0
	rawta	0.0	0	0	1	0
	ralta	0.0	0	0	0	1
	rata	0.0	0	1	0	0
rap-e$$$s71$p2	rape	1.0	1	0	0	0
	rawe	0.0	0	0	1	0
	rale	0.0	0	0	0	1
	rae	0.0	0	1	0	0
rap-te$$$s71$p3	rapte	1.0	0	0	0	0
	rawte	0.0	0	0	1	0
	ralte	0.0	0	0	0	1
	rate	0.0	0	1	0	0
rap-i$$$s71$p4	rapi	1.0	1	0	0	0
	rawi	0.0	0	0	1	0
	rali	0.0	0	0	0	1
	rai	0.0	0	1	0	0
rap-ti$$$s71$p5	rapti	1.0	0	0	0	0
	rawti	0.0	0	0	1	0
	ralti	0.0	0	0	0	1
	rati	0.0	0	1	0	0
toep-a$$$s72$p0	toepa	1.0	1	0	0	0
	toewa	0.0	0	0	1	0
	toela	0.0	0	0	0	1
	toea	0.0	0	1	0	0
toep-ta$$$s72$p1	toepta	1.0	0	0	0	0
	toewta	0.0	0	0	1	0
	toelta	0.0	0	0	0	1
	toeta	0.0	0	1	0	0
toep-e$$$s72$p2	toepe	1.0	1	0	0	0
	toewe	0.0	0	0	1	0
	toele	0.0	0	0	0	1
	toee	0.0	0	1	0	0
toep-te$$$s72$p3	toepte	1.0	0	0	0	0
	toewte	0.0	0	0	1	0
	toelte	0.0	0	0	0	1
	toete	0.0	0	1	0	0
toep-i$$$s72$p4	toepi	1.0	1	0	0	0
	toewi	0.0	0	0	1	0
	toeli	0.0	0	0	0	1
	toei	0.0	0	1	0	0
toep-ti$$$s72$p5	toepti	1.0	0	0	0	0
	toewti	0.0	0	0	1	0
	toelti	0.0	0	0	0	1
	toeti	0.0	0	1	0	0
tat-a$$$s73$p0	tata	0.0	1	0	0	0
	taja	0.0	0	0	1	0
	tala	1.0	0	0	0	1
	taa	0.0	0	1	0	0
tat-ta$$$s73$p1	tatta	1.0	0	0	0	0
	tajta	0.0	0	0	1	0
	talta	0.0	0	0	0	1
	tata	0.0	0	1	0	0
tat-e$$$s73$p2	tate	0.0	1	0	0	0
	taje	0.0	0	0	1	0
	tale	1.0	0	0	0	1
	tae	0.0	0	1	0	0
tat-te$$$s73$p3	tatte	1.0	0	0	0	0
	tajte	0.0	0	0	1	0
	talte	0.0	0	0	0	1
	tate	0.0	0	1	0	0
tat-i$$$s73$p4	tati	0.0	1	0	0	0
	taji	0.0	0	0	1	0
	tali	1.0	0	0	0	1
	tai	0.0	0	1	0	0
tat-ti$$$s73$p5	tatti	1.0	0	0	0	0
	tajti	0.0	0	0	1	0
	talti	0.0	0	0	0	1
	tati	0.0	0	1	0	0
jat-a$$$s74$p0	jata	0.0	1	0	0	0
	jaja	0.0	0	0	1	0
	jala	1.0	0	0	0	1
	jaa	0.0	0	1	0	0
jat-ta$$$s74$p1	jatta	1.0	0	0	0	0
	jajta	0.0	0	0	1	0
	jalta	0.0	0	0	0	1
	jata	0.0	0	1	0	0
jat-e$$$s74$p2	jate	0.0	1	0	0	0
	jaje	0.0	0	0	1	0
	jale	1.0	0	0	0	1
	jae	0.0	0	1	0	0
jat-te$$$s74$p3	jatte	1.0	0	0	0	0
	jajte	0.0	0	0	1	0
	jalte	0.0	0	0	0	1
	jate	0.0	0	1	0	0
jat-i$$$s74$p4	jati	0.0	1	0	0	0
	jaji	0.0	0	0	1	0
	jali	1.0	0	0	0	1
	jai	0.0	0	1	0	0
jat-ti$$$s74$p5	jatti	1.0	0	0	0	0
	jajti	0.0	0	0	1	0
	jalti	0.0	0	0	0	1
	jati	0.0	0	1	0	0
ket-a$$$s75$p0	keta	0.0	1	0	0	0
	keja	0.0	0	0	1	0
	kela	1.0	0	0	0	1
	kea	0.0	0	1	0	0
ket-ta$$$s75$p1	ketta	1.0	0	0	0	0
	kejta	0.0	0	0	1	0
	kelta	0.0	0	0	0	1
	keta	0.0	0	1	0	0
ket-e$$$s75$p2	kete	0.0	1	0	0	0
	keje	0.0	0	0	1	0
	kele	1.0	0	0	0	1
	kee	0.0	0	1	0	0
ket-te$$$s75$p3	kette	1.0	0	0	0	0
	kejte	0.0	0	0	1	0
	kelte	0.0	0	0	0	1
	kete	0.0	0	1	0	0
ket-i$$$s75$p4	keti	0.0	1	0	0	0
	keji	0.0	0	0	1	0
	keli	1.0	0	0	0	1
	kei	0.0	0	1	0	0
ket-ti$$$s75$p5	ketti	1.0	0	0	0	0
	kejti	0.0	0	0	1	0
	kelti	0.0	0	0	0	1
	keti	0.0	0	1	0	0
pot-a$$$s76$p0	pota	0.0	1	0	0	0
	poja	0.0	0	0	1	0
	pola	1.0	0	0	0	1
	poa	0.0	0	1	0	0
pot-ta$$$s76$p1	potta	1.0	0	0	0	0
	pojta	0.0	0	0	1	0
	polta	0.0	0	0	0	1
	pota	0.0	0	1	0	0
pot-e$$$s76$p2	pote	0.0	1	0	0	0
	poje	0.0	0	0	1	0
	pole	1.0	0	0	0	1
	poe	0.0	0	1	0	0
pot-te$$$s76$p3	potte	1.0	0	0	0	0
	pojte	0.0	0	0	1	0
	polte	0.0	0	0	0	1
	pote	0.0	0	1	0	0
pot-i$$$s76$p4	poti	0.0	1	0	0	0
	poji	0.0	0	0	1	0
	poli	1.0	0	0	0	1
	poi	0.0	0	1	0	0
pot-ti$$$s76$p5	potti	1.0	0	0	0	0
	pojti	0.0	0	0	1	0
	polti	0.0	0	0	0	1
	poti	0.0	0	1	0	0
chit-a$$$s77$p0	chita	0.0	1	0	0	0
	chija	0.0	0	0	1	0
	chila	1.0	0	0	0	1
	chia	0.0	0	1	0	0
chit-ta$$$s77$p1	chitta	1.0	0	0	0	0
	chijta	0.0	0	0	1	0
	chilta	0.0	0	0	0	1
	chita	0.0	0	1	0	0
chit-e$$$s77$p2	chite	0.0	1	0	0	0
	chije	0.0	0	0	1	0
	chile	1.0	0	0	0	1
	chie	0.0	0	1	0	0
chit-te$$$s77$p3	chitte	1.0	0	0	0	0
	chijte	0.0	0	0	1	0
	chilte	0.0	0	0	0	1
	chite	0.0	0	1	0	0
chit-i$$$s77$p4	chiti	0.0	1	0	0	0
	chiji	0.0	0	0	1	0
	chili	1.0	0	0	0	1
	chii	0.0	0	1	0	0
chit-ti$$$s77$p5	chitti	1.0	0	0	0	0
	chijti	0.0	0	0	1	0
	chilti	0.0	0	0	0	1
	chiti	0.0	0	1	0	0
ppeut-a$$$s78$p0	ppeuta	1.0	1	0	0	0
	ppeuja	0.0	0	0	1	0
	ppeula	0.0	0	0	0	1
	ppeua	0.0	0	1	0	0
ppeut-ta$$$s78$p1	ppeutta	1.0	0	0	0	0
	ppeujta	0.0	0	0	1	0
	ppeulta	0.0	0	0	0	1
	ppeuta	0.0	0	1	0	0
ppeut-e$$$s78$p2	ppeute	1.0	1	0	0	0
	ppeuje	0.0	0	0	1	0
	ppeule	0.0	0	0	0	1
	ppeue	0.0	0	1	0	0
ppeut-te$$$s78$p3	ppeutte	1.0	0	0	0	0
	ppeujte	0.0	0	0	1	0
	ppeulte	0.0	0	0	0	1
	ppeute	0.0	0	1	0	0
ppeut-i$$$s78$p4	ppeuti	1.0	1	0	0	0
	ppeuji	0.0	0	0	1	0
	ppeuli	0.0	0	0	0	1
	ppeui	0.0	0	1	0	0
ppeut-ti$$$s78$p5	ppeutti	1.0	0	0	0	0
	ppeujti	0.0	0	0	1	0
	ppeulti	0.0	0	0	0	1
	ppeuti	0.0	0	1	0	0
goet-a$$$s79$p0	goeta	1.0	1	0	0	0
	goeja	0.0	0	0	1	0
	goela	0.0	0	0	0	1
	goea	0.0	0	1	0	0
goet-ta$$$s79$p1	goetta	1.0	0	0	0	0
	goejta	0.0	0	0	1	0
	goelta	0.0	0	0	0	1
	goeta	0.0	0	1	0	0
goet-e$$$s79$p2	goete	1.0	1	0	0	0
	goeje	0.0	0	0	1	0
	goele	0.0	0	0	0	1
	goee	0.0	0	1	0	0
goet-te$$$s79$p3	goette	1.0	0	0	0	0
	goejte	0.0	0	0	1	0
	goelte	0.0	0	0	0	1
	goete	0.0	0	1	0	0
goet-i$$$s79$p4	goeti	1.0	1	0	0	0
	goeji	0.0	0	0	1	0
	goeli	0.0	0	0	0	1
	goei	0.0	0	1	0	0
goet-ti$$$s79$p5	goetti	1.0	0	0	0	0
	goejti	0.0	0	0	1	0
	goelti	0.0	0	0	0	1
	goeti	0.0	0	1	0	0
jot-a$$$s80$p0	jota	1.0	1	0	0	0
	joja	0.0	0	0	1	0
	jola	0.0	0	0	0	1
	joa	0.0	0	1	0	0
jot-ta$$$s80$p1	jotta	1.0	0	0	0	0
	jojta	0.0	0	0	1	0
	jolta	0.0	0	0	0	1
	jota	0.0	0	1	0	0
jot-e$$$s80$p2	jote	1.0	1	0	0	0
	joje	0.0	0	0	1	0
	jole	0.0	0	0	0	1
	joe	0.0	0	1	0	0
jot-te$$$s80$p3	jotte	1.0	0	0	0	0
	jojte	0.0	0	0	1	0
	jolte	0.0	0	0	0	1
	jote	0.0	0	1	0	0
jot-i$$$s80$p4	joti	1.0	1	0	0	0
	joji	0.0	0	0	1	0
	joli	0.0	0	0	0	1
	joi	0.0	0	1	0	0
jot-ti$$$s80$p5	jotti	1.0	0	0	0	0
	jojti	0.0	0	0	1	0
	jolti	0.0	0	0	0	1
	joti	0.0	0	1	0	0
pput-a$$$s81$p0	pputa	1.0	1	0	0	0
	ppuja	0.0	0	0	1	0
	ppula	0.0	0	0	0	1
	ppua	0.0	0	1	0	0
pput-ta$$$s81$p1	pputta	1.0	0	0	0	0
	ppujta	0.0	0	0	1	0
	ppulta	0.0	0	0	0	1
	pputa	0.0	0	1	0	0
pput-e$$$s81$p2	ppute	1.0	1	0	0	0
	ppuje	0.0	0	0	1	0
	ppule	0.0	0	0	0	1
	ppue	0.0	0	1	0	0
pput-te$$$s81$p3	pputte	1.0	0	0	0	0
	ppujte	0.0	0	0	1	0
	ppulte	0.0	0	0	0	1
	ppute	0.0	0	1	0	0
pput-i$$$s81$p4	pputi	1.0	1	0	0	0
	ppuji	0.0	0	0	1	0
	ppuli	0.0	0	0	0	1
	ppui	0.0	0	1	0	0
pput-ti$$$s81$p5	pputti	1.0	0	0	0	0
	ppujti	0.0	0	0	1	0
	ppulti	0.0	0	0	0	1
	pputi	0.0	0	1	0	0
nat-a$$$s82$p0	nata	1.0	1	0	0	0
	naja	0.0	0	0	1	0
	nala	0.0	0	0	0	1
	naa	0.0	0	1	0	0
nat-ta$$$s82$p1	natta	1.0	0	0	0	0
	najta	0.0	0	0	1	0
	nalta	0.0	0	0	0	1
	nata	0.0	0	1	0	0
nat-e$$$s82$p2	nate	1.0	1	0	0	0
	naje	0.0	0	0	1	0
	nale	0.0	0	0	0	1
	nae	0.0	0	1	0	0
nat-te$$$s82$p3	natte	1.0	0	0	0	0
	najte	0.0	0	0	1	0
	nalte	0.0	0	0	0	1
	nate	0.0	0	1	0	0
nat-i$$$s82$p4	nati	1.0	1	0	0	0
	naji	0.0	0	0	1	0
	nali	0.0	0	0	0	1
	nai	0.0	0	1	0	0
nat-ti$$$s82$p5	natti	1.0	0	0	0	0
	najti	0.0	0	0	1	0
	nalti	0.0	0	0	0	1
	nati	0.0	0	1	0	0
kkut-a$$$s83$p0	kkuta	1.0	1	0	0	0
	kkuja	0.0	0	0	1	0
	kkula	0.0	0	0	0	1
	kkua	0.0	0	1	0	0
kkut-ta$$$s83$p1	kkutta	1.0	0	0	0	0
	kkujta	0.0	0	0	1	0
	kkulta	0.0	0	0	0	1
	kkuta	0.0	0	1	0	0
kkut-e$$$s83$p2	kkute	1.0	1	0	0	0
	kkuje	0.0	0	0	1	0
	kkule	0.0	0	0	0	1
	kkue	0.0	0	1	0	0
kkut-te$$$s83$p3	kkutte	1.0	0	0	0	0
	kkujte	0.0	0	0	1	0
	kkulte	0.0	0	0	0	1
	kkute	0.0	0	1	0	0
kkut-i$$$s83$p4	kkuti	1.0	1	0	0	0
	kkuji	0.0	0	0	1	0
	kkuli	0.0	0	0	0	1
	kkui	0.0	0	1	0	0
kkut-ti$$$s83$p5	kkutti	1.0	0	0	0	0
	kkujti	0.0	0	0	1	0
	kkulti	0.0	0	0	0	1
	kkuti	0.0	0	1	0	0
sit-a$$$s84$p0	sita	1.0	1	0	0	0
	sija	0.0	0	0	1	0
	sila	0.0	0	0	0	1
	sia	0.0	0	1	0	0
sit-ta$$$s84$p1	sitta	1.0	0	0	0	0
	sijta	0.0	0	0	1	0
	silta	0.0	0	0	0	1
	sita	0.0	0	1	0	0
sit-e$$$s84$p2	site	1.0	1	0	0	0
	sije	0.0	0	0	1	0
	sile	0.0	0	0	0	1
	sie	0.0	0	1	0	0
sit-te$$$s84$p3	sitte	1.0	0	0	0	0
	sijte	0.0	0	0	1	0
	silte	0.0	0	0	0	1
	site	0.0	0	1	0	0
sit-i$$$s84$p4	siti	1.0	1	0	0	0
	siji	0.0	0	0	1	0
	sili	0.0	0	0	0	1
	sii	0.0	0	1	0	0
sit-ti$$$s84$p5	sitti	1.0	0	0	0	0
	sijti	0.0	0	0	1	0
	silti	0.0	0	0	0	1
	siti	0.0	0	1	0	0
ges-a$$$s85$p0	gesa	0.0	1	0	0	0
	geja	0.0	0	0	1	0
	gela	0.0	0	0	0	1
	gea	1.0	0	1	0	0
ges-ta$$$s85$p1	getta	1.0	0	0	0	0
	gejta	0.0	0	0	1	0
	gelta	0.0	0	0	0	1
	geta	0.0	0	1	0	0
ges-e$$$s85$p2	gese	0.0	1	0	0	0
	geje	0.0	0	0	1	0
	gele	0.0	0	0	0	1
	gee	1.0	0	1	0	0
ges-te$$$s85$p3	gette	1.0	0	0	0	0
	gejte	0.0	0	0	1	0
	gelte	0.0	0	0	0	1
	gete	0.0	0	1	0	0
ges-i$$$s85$p4	gesi	0.0	1	0	0	0
	geji	0.0	0	0	1	0
	geli	0.0	0	0	0	1
	gei	1.0	0	1	0	0
ges-ti$$$s85$p5	getti	1.0	0	0	0	0
	gejti	0.0	0	0	1	0
	gelti	0.0	0	0	0	1
	geti	0.0	0	1	0	0
kkaes-a$$$s86$p0	kkaesa	0.0	1	0	0	0
	kkaeja	0.0	0	0	1	0
	kkaela	0.0	0	0	0	1
	kkaea	1.0	0	1	0	0
kkaes-ta$$$s86$p1	kkaetta	1.0	0	0	0	0
	kkaejta	0.0	0	0	1	0
	kkaelta	0.0	0	0	0	1
	kkaeta	0.0	0	1	0	0
kkaes-e$$$s86$p2	kkaese	0.0	1	0	0	0
	kkaeje	0.0	0	0	1	0
	kkaele	0.0	0	0	0	1
	kkaee	1.0	0	1	0	0
kkaes-te$$$s86$p3	kkaette	1.0	0	0	0	0
	kkaejte	0.0	0	0	1	0
	kkaelte	0.0	0	0	0	1
	kkaete	0.0	0	1	0	0
kkaes-i$$$s86$p4	kkaesi	0.0	1	0	0	0
	kkaeji	0.0	0	0	1	0
	kkaeli	0.0	0	0	0	1
	kkaei	1.0	0	1	0	0
kkaes-ti$$$s86$p5	kkaetti	1.0	0	0	0	0
	kkaejti	0.0	0	0	1	0
	kkaelti	0.0	0	0	0	1
	kkaeti	0.0	0	1	0	0
hoes-a$$$s87$p0	hoesa	0.0	1	0	0	0
	hoeja	0.0	0	0	1	0
	hoela	0.0	0	0	0	1
	hoea	1.0	0	1	0	0
hoes-ta$$$s87$p1	hoetta	1.0	0	0	0	0
	hoejta	0.0	0	0	1	0
	hoelta	0.0	0	0	0	1
	hoeta	0.0	0	1	0	0
hoes-e$$$s87$p2	hoese	0.0	1	0	0	0
	hoeje	0.0	0	0	1	0
	hoele	0.0	0	0	0	1
	hoee	1.0	0	1	0	0
hoes-te$$$s87$p3	hoette	1.0	0	0	0	0
	hoejte	0.0	0	0	1	0
	hoelte	0.0	0	0	0	1
	hoete	0.0	0	1	0	0
hoes-i$$$s87$p4	hoesi	0.0	1	0	0	0
	hoeji	0.0	0	0	1	0
	hoeli	0.0	0	0	0	1
	hoei	1.0	0	1	0	0
hoes-ti$$$s87$p5	hoetti	1.0	0	0	0	0
	hoejti	0.0	0	0	1	0
	hoelti	0.0	0	0	0	1
	hoeti	0.0	0	1	0	0
koes-a$$$s88$p0	koesa	0.0	1	0	0	0
	koeja	0.0	0	0	1	0
	koela	0.0	0	0	0	1
	koea	1.0	0	1	0	0
koes-ta$$$s88$p1	koetta	1.0	0	0	0	0
	koejta	0.0	0	0	1	0
	koelta	0.0	0	0	0	1
	koeta	0.0	0	1	0	0
koes-e$$$s88$p2	koese	0.0	1	0	0	0
	koeje	0.0	0	0	1	0
	koele	0.0	0	0	0	1
	koee	1.0	0	1	0	0
koes-te$$$s88$p3	koette	1.0	0	0	0	0
	koejte	0.0	0	0	1	0
	koelte	0.0	0	0	0	1
	koete	0.0	0	1	0	0
koes-i$$$s88$p4	koesi	0.0	1	0	0	0
	koeji	0.0	0	0	1	0
	koeli	0.0	0	0	0	1
	koei	1.0	0	1	0	0
koes-ti$$$s88$p5	koetti	1.0	0	0	0	0
	koejti	0.0	0	0	1	0
	koelti	0.0	0	0	0	1
	koeti	0.0	0	1	0	0
nos-a$$$s89$p0	nosa	0.0	1	0	0	0
	noja	0.0	0	0	1	0
	nola	0.0	0	0	0	1
	noa	1.0	0	1	0	0
nos-ta$$$s89$p1	notta	1.0	0	0	0	0
	nojta	0.0	0	0	1	0
	nolta	0.0	0	0	0	1
	nota	0.0	0	1	0	0
nos-e$$$s89$p2	nose	0.0	1	0	0	0
	noje	0.0	0	0	1	0
	nole	0.0	0	0	0	1
	noe	1.0	0	1	0	0
nos-te$$$s89$p3	notte	1.0	0	0	0	0
	nojte	0.0	0	0	1	0
	nolte	0.0	0	0	0	1
	note	0.0	0	1	0	0
nos-i$$$s89$p4	nosi	0.0	1	0	0	0
	noji	0.0	0	0	1	0
	noli	0.0	0	0	0	1
	noi	1.0	0	1	0	0
nos-ti$$$s89$p5	notti	1.0	0	0	0	0
	nojti	0.0	0	0	1	0
	nolti	0.0	0	0	0	1
	noti	0.0	0	1	0	0
poes-a$$$s90$p0	poesa	1.0	1	0	0	0
	poeja	0.0	0	0	1	0
	poela	0.0	0	0	0	1
	poea	0.0	0	1	0	0
poes-ta$$$s90$p1	poetta	1.0	0	0	0	0
	poejta	0.0	0	0	1	0
	poelta	0.0	0	0	0	1
	poeta	0.0	0	1	0	0
poes-e$$$s90$p2	poese	1.0	1	0	0	0
	poeje	0.0	0	0	1	0
	poele	0.0	0	0	0	1
	poee	0.0	0	1	0	0
poes-te$$$s90$p3	poette	1.0	0	0	0	0
	poejte	0.0	0	0	1	0
	poelte	0.0	0	0	0	1
	poete	0.0	0	1	0	0
poes-i$$$s90$p4	poesi	1.0	1	0	0	0
	poeji	0.0	0	0	1	0
	poeli	0.0	0	0	0	1
	poei	0.0	0	1	0	0
poes-ti$$$s90$p5	poetti	1.0	0	0	0	0
	poejti	0.0	0	0	1	0
	poelti	0.0	0	0	0	1
	poeti	0.0	0	1	0	0
meos-a$$$s91$p0	meosa	1.0	1	0	0	0
	meoja	0.0	0	0	1	0
	meola	0.0	0	0	0	1
	meoa	0.0	0	1	0	0
meos-ta$$$s91$p1	meotta	1.0	0	0	0	0
	meojta	0.0	0	0	1	0
	meolta	0.0	0	0	0	1
	meota	0.0	0	1	0	0
meos-e$$$s91$p2	meose	1.0	1	0	0	0
	meoje	0.0	0	0	1	0
	meole	0.0	0	0	0	1
	meoe	0.0	0	1	0	0
meos-te$$$s91$p3	meotte	1.0	0	0	0	0
	meojte	0.0	0	0	1	0
	meolte	0.0	0	0	0	1
	meote	0.0	0	1	0	0
meos-i$$$s91$p4	meosi	1.0	1	0	0	0
	meoji	0.0	0	0	1	0
	meoli	0.0	0	0	0	1
	meoi	0.0	0	1	0	0
meos-ti$$$s91$p5	meotti	1.0	0	0	0	0
	meojti	0.0	0	0	1	0
	meolti	0.0	0	0	0	1
	meoti	0.0	0	1	0	0
jjaes-a$$$s92$p0	jjaesa	1.0	1	0	0	0
	jjaeja	0.0	0	0	1	0
	jjaela	0.0	0	0	0	1
	jjaea	0.0	0	1	0	0
jjaes-ta$$$s92$p1	jjaetta	1.0	0	0	0	0
	jjaejta	0.0	0	0	1	0
	jjaelta	0.0	0	0	0	1
	jjaeta	0.0	0	1	0	0
jjaes-e$$$s92$p2	jjaese	1.0	1	0	0	0
	jjaeje	0.0	0	0	1	0
	jjaele	0.0	0	0	0	1
	jjaee	0.0	0	1	0	0
jjaes-te$$$s92$p3	jjaette	1.0	0	0	0	0
	jjaejte	0.0	0	0	1	0
	jjaelte	0.0	0	0	0	1
	jjaete	0.0	0	1	0	0
jjaes-i$$$s92$p4	jjaesi	1.0	1	0	0	0
	jjaeji	0.0	0	0	1	0
	jjaeli	0.0	0	0	0	1
	jjaei	0.0	0	1	0	0
jjaes-ti$$$s92$p5	jjaetti	1.0	0	0	0	0
	jjaejti	0.0	0	0	1	0
	jjaelti	0.0	0	0	0	1
	jjaeti	0.0	0	1	0	0
ches-a$$$s93$p0	chesa	1.0	1	0	0	0
	cheja	0.0	0	0	1	0
	chela	0.0	0	0	0	1
	chea	0.0	0	1	0	0
ches-ta$$$s93$p1	chetta	1.0	0	0	0	0
	chejta	0.0	0	0	1	0
	chelta	0.0	0	0	0	1
	cheta	0.0	0	1	0	0
ches-e$$$s93$p2	chese	1.0	1	0	0	0
	cheje	0.0	0	0	1	0
	chele	0.0	0	0	0	1
	chee	0.0	0	1	0	0
ches-te$$$s93$p3	chette	1.0	0	0	0	0
	chejte	0.0	0	0	1	0
	chelte	0.0	0	0	0	1
	chete	0.0	0	1	0	0
ches-i$$$s93$p4	chesi	1.0	1	0	0	0
	cheji	0.0	0	0	1	0
	cheli	0.0	0	0	0	1
	chei	0.0	0	1	0	0
ches-ti$$$s93$p5	chetti	1.0	0	0	0	0
	chejti	0.0	0	0	1	0
	chelti	0.0	0	0	0	1
	cheti	0.0	0	1	0	0
