s0	s1	s2	s3	s4	s5	s6	s7	s8	s9	s10	s11	s12	s13	s14	s15	s16	s17	s18	s19	s20	s21	s22	s23	s24	s25	s26	s27	s28	s29	s30	s31	s32	s33	s34	s35	s36	s37	s38	s39	s40	s41	s42	s43	s44	s45	s46	s47	s48	s49	s50	s51	s52	s53	s54	s55	s56	s57	s58	s59	s60	s61	s62	s63	s64	s65	s66	s67	s68	s69	s70	s71	s72	s73	s74	s75	s76	s77	s78	s79	s80	s81	s82	s83	s84	s85	s86	s87	s88	s89	s90	s91	s92	s93	p0	p1	p2	p3	p4	p5	p6	p7	p8	p9	p10	p11	p12	p13	p14	p15	p16	p17	p18	p19	p20	p21	p22	p23	p24	p25	p26	p27	p28	p29	p30	p31	p32	p33	p34	p35	p36	p37	p38	p39	p40	p41	p42	p43	p44	p45	p46	p47	p48	p49	p50	p51	p52	p53	p54	p55	p56	p57	p58	p59
*VcV	Max	ID-C	ID-lat
chup-dago$$$s19$p8	chupdago	1.0	1	0	0	0
	chudago	0.0	0	1	0	0
	chuwdago	0.0	0	0	1	0
	chuldago	0.0	0	0	0	1
chup-ji$$$s19$p42	chupji	1.0	1	0	0	0
	chuji	0.0	0	1	0	0
	chuwji	0.0	0	0	1	0
	chulji	0.0	0	0	0	1
gomap-daneun$$$s39$p9	gomapdaneun	1.0	1	0	0	0
	gomadaneun	0.0	0	1	0	0
	gomawdaneun	0.0	0	0	1	0
	gomaldaneun	0.0	0	0	0	1
gomap-seumnida$$$s39$p59	gomapseumnida	1.0	1	0	0	0
	gomaseumnida	0.0	0	1	0	0
	gomawseumnida	0.0	0	0	1	0
	gomalseumnida	0.0	0	0	0	1
akkap-neyo$$$s0$p58	akkapneyo	1.0	1	0	0	0
	akkaneyo	0.0	0	1	0	0
	akkawneyo	0.0	0	0	1	0
	akkalneyo	0.0	0	0	0	1
akkap-dago$$$s0$p8	akkapdago	1.0	1	0	0	0
	akkadago	0.0	0	1	0	0
	akkawdago	0.0	0	0	1	0
	akkaldago	0.0	0	0	0	1
akkap-seumnida$$$s0$p59	akkapseumnida	1.0	1	0	0	0
	akkaseumnida	0.0	0	1	0	0
	akkawseumnida	0.0	0	0	1	0
	akkalseumnida	0.0	0	0	0	1
akkap-ji$$$s0$p42	akkapji	1.0	1	0	0	0
	akkaji	0.0	0	1	0	0
	akkawji	0.0	0	0	1	0
	akkalji	0.0	0	0	0	1
akkap-deogunyo$$$s0$p10	akkapdeogunyo	1.0	1	0	0	0
	akkadeogunyo	0.0	0	1	0	0
	akkawdeogunyo	0.0	0	0	1	0
	akkaldeogunyo	0.0	0	0	0	1
bangap-da$$$s5$p6	bangapda	1.0	1	0	0	0
	bangada	0.0	0	1	0	0
	bangawda	0.0	0	0	1	0
	bangalda	0.0	0	0	0	1
eoryeop-go$$$s31$p36	eoryeopgo	1.0	1	0	0	0
	eoryeogo	0.0	0	1	0	0
	eoryeowgo	0.0	0	0	1	0
	eoryeolgo	0.0	0	0	0	1
eoryeop-da$$$s31$p6	eoryeopda	1.0	1	0	0	0
	eoryeoda	0.0	0	1	0	0
	eoryeowda	0.0	0	0	1	0
	eoryeolda	0.0	0	0	0	1
eoryeop-daneun$$$s31$p9	eoryeopdaneun	1.0	1	0	0	0
	eoryeodaneun	0.0	0	1	0	0
	eoryeowdaneun	0.0	0	0	1	0
	eoryeoldaneun	0.0	0	0	0	1
eoryeop-jiman$$$s31$p43	eoryeopjiman	1.0	1	0	0	0
	eoryeojiman	0.0	0	1	0	0
	eoryeowjiman	0.0	0	0	1	0
	eoryeoljiman	0.0	0	0	0	1
budeureop-go$$$s10$p36	budeureopgo	1.0	1	0	0	0
	budeureogo	0.0	0	1	0	0
	budeureowgo	0.0	0	0	1	0
	budeureolgo	0.0	0	0	0	1
budeureop-seumnida$$$s10$p59	budeureopseumnida	1.0	1	0	0	0
	budeureoseumnida	0.0	0	1	0	0
	budeureowseumnida	0.0	0	0	1	0
	budeureolseumnida	0.0	0	0	0	1
budeureop-ji$$$s10$p42	budeureopji	1.0	1	0	0	0
	budeureoji	0.0	0	1	0	0
	budeureowji	0.0	0	0	1	0
	budeureolji	0.0	0	0	0	1
areumdap-seumnida$$$s3$p59	areumdapseumnida	1.0	1	0	0	0
	areumdaseumnida	0.0	0	1	0	0
	areumdawseumnida	0.0	0	0	1	0
	areumdalseumnida	0.0	0	0	0	1
areumdap-da$$$s3$p6	areumdapda	1.0	1	0	0	0
	areumdada	0.0	0	1	0	0
	areumdawda	0.0	0	0	1	0
	areumdalda	0.0	0	0	0	1
areumdap-go$$$s3$p36	areumdapgo	1.0	1	0	0	0
	areumdago	0.0	0	1	0	0
	areumdawgo	0.0	0	0	1	0
	areumdalgo	0.0	0	0	0	1
swip-ge$$$s88$p32	swipge	1.0	1	0	0	0
	swige	0.0	0	1	0	0
	swiwge	0.0	0	0	1	0
	swilge	0.0	0	0	0	1
swip-go$$$s88$p36	swipgo	1.0	1	0	0	0
	swigo	0.0	0	1	0	0
	swiwgo	0.0	0	0	1	0
	swilgo	0.0	0	0	0	1
swip-da$$$s88$p6	swipda	1.0	1	0	0	0
	swida	0.0	0	1	0	0
	swiwda	0.0	0	0	1	0
	swilda	0.0	0	0	0	1
swip-ji$$$s88$p42	swipji	1.0	1	0	0	0
	swiji	0.0	0	1	0	0
	swiwji	0.0	0	0	1	0
	swilji	0.0	0	0	0	1
swip-daneun$$$s88$p9	swipdaneun	1.0	1	0	0	0
	swidaneun	0.0	0	1	0	0
	swiwdaneun	0.0	0	0	1	0
	swildaneun	0.0	0	0	0	1
aswip-neyo$$$s4$p58	aswipneyo	1.0	1	0	0	0
	aswineyo	0.0	0	1	0	0
	aswiwneyo	0.0	0	0	1	0
	aswilneyo	0.0	0	0	0	1
aswip-goyo$$$s4$p37	aswipgoyo	1.0	1	0	0	0
	aswigoyo	0.0	0	1	0	0
	aswiwgoyo	0.0	0	0	1	0
	aswilgoyo	0.0	0	0	0	1
aswip-jiman$$$s4$p43	aswipjiman	1.0	1	0	0	0
	aswijiman	0.0	0	1	0	0
	aswiwjiman	0.0	0	0	1	0
	aswiljiman	0.0	0	0	0	1
aswip-ge$$$s4$p32	aswipge	1.0	1	0	0	0
	aswige	0.0	0	1	0	0
	aswiwge	0.0	0	0	1	0
	aswilge	0.0	0	0	0	1
aswip-da$$$s4$p6	aswipda	1.0	1	0	0	0
	aswida	0.0	0	1	0	0
	aswiwda	0.0	0	0	1	0
	aswilda	0.0	0	0	0	1
himgyeop-ge$$$s45$p32	himgyeopge	1.0	1	0	0	0
	himgyeoge	0.0	0	1	0	0
	himgyeowge	0.0	0	0	1	0
	himgyeolge	0.0	0	0	0	1
dop-gi$$$s24$p35	dopgi	1.0	1	0	0	0
	dogi	0.0	0	1	0	0
	dowgi	0.0	0	0	1	0
	dolgi	0.0	0	0	0	1
dop-get$$$s24$p34	dopget	1.0	1	0	0	0
	doget	0.0	0	1	0	0
	dowget	0.0	0	0	1	0
	dolget	0.0	0	0	0	1
dop-neunda$$$s24$p54	dopneunda	1.0	1	0	0	0
	doneunda	0.0	0	1	0	0
	downeunda	0.0	0	0	1	0
	dolneunda	0.0	0	0	0	1
dop-neun$$$s24$p53	dopneun	1.0	1	0	0	0
	doneun	0.0	0	1	0	0
	downeun	0.0	0	0	1	0
	dolneun	0.0	0	0	0	1
deoreop-seumnida$$$s22$p59	deoreopseumnida	1.0	1	0	0	0
	deoreoseumnida	0.0	0	1	0	0
	deoreowseumnida	0.0	0	0	1	0
	deoreolseumnida	0.0	0	0	0	1
deoreop-ge$$$s22$p32	deoreopge	1.0	1	0	0	0
	deoreoge	0.0	0	1	0	0
	deoreowge	0.0	0	0	1	0
	deoreolge	0.0	0	0	0	1
deoreop-go$$$s22$p36	deoreopgo	1.0	1	0	0	0
	deoreogo	0.0	0	1	0	0
	deoreowgo	0.0	0	0	1	0
	deoreolgo	0.0	0	0	0	1
deoreop-neyo$$$s22$p58	deoreopneyo	1.0	1	0	0	0
	deoreoneyo	0.0	0	1	0	0
	deoreowneyo	0.0	0	0	1	0
	deoreolneyo	0.0	0	0	0	1
tteugeop-ge$$$s89$p32	tteugeopge	1.0	1	0	0	0
	tteugeoge	0.0	0	1	0	0
	tteugeowge	0.0	0	0	1	0
	tteugeolge	0.0	0	0	0	1
tteugeop-ji$$$s89$p42	tteugeopji	1.0	1	0	0	0
	tteugeoji	0.0	0	1	0	0
	tteugeowji	0.0	0	0	1	0
	tteugeolji	0.0	0	0	0	1
sikkeureop-da$$$s80$p6	sikkeureopda	1.0	1	0	0	0
	sikkeureoda	0.0	0	1	0	0
	sikkeureowda	0.0	0	0	1	0
	sikkeureolda	0.0	0	0	0	1
sikkeureop-go$$$s80$p36	sikkeureopgo	1.0	1	0	0	0
	sikkeureogo	0.0	0	1	0	0
	sikkeureowgo	0.0	0	0	1	0
	sikkeureolgo	0.0	0	0	0	1
jeulgeop-go$$$s55$p36	jeulgeopgo	1.0	1	0	0	0
	jeulgeogo	0.0	0	1	0	0
	jeulgeowgo	0.0	0	0	1	0
	jeulgeolgo	0.0	0	0	0	1
jeulgeop-ge$$$s55$p32	jeulgeopge	1.0	1	0	0	0
	jeulgeoge	0.0	0	1	0	0
	jeulgeowge	0.0	0	0	1	0
	jeulgeolge	0.0	0	0	0	1
mugeop-go$$$s68$p36	mugeopgo	1.0	1	0	0	0
	mugeogo	0.0	0	1	0	0
	mugeowgo	0.0	0	0	1	0
	mugeolgo	0.0	0	0	0	1
gakkap-ge$$$s34$p32	gakkapge	1.0	1	0	0	0
	gakkage	0.0	0	1	0	0
	gakkawge	0.0	0	0	1	0
	gakkalge	0.0	0	0	0	1
gakkap-go$$$s34$p36	gakkapgo	1.0	1	0	0	0
	gakkago	0.0	0	1	0	0
	gakkawgo	0.0	0	0	1	0
	gakkalgo	0.0	0	0	0	1
maep-ji$$$s65$p42	maepji	1.0	1	0	0	0
	maeji	0.0	0	1	0	0
	maewji	0.0	0	0	1	0
	maelji	0.0	0	0	0	1
maep-go$$$s65$p36	maepgo	1.0	1	0	0	0
	maego	0.0	0	1	0	0
	maewgo	0.0	0	0	1	0
	maelgo	0.0	0	0	0	1
maep-ge$$$s65$p32	maepge	1.0	1	0	0	0
	maege	0.0	0	1	0	0
	maewge	0.0	0	0	1	0
	maelge	0.0	0	0	0	1
maep-gi$$$s65$p35	maepgi	1.0	1	0	0	0
	maegi	0.0	0	1	0	0
	maewgi	0.0	0	0	1	0
	maelgi	0.0	0	0	0	1
singgeop-go$$$s81$p36	singgeopgo	1.0	1	0	0	0
	singgeogo	0.0	0	1	0	0
	singgeowgo	0.0	0	0	1	0
	singgeolgo	0.0	0	0	0	1
maekkeureop-ge$$$s64$p32	maekkeureopge	1.0	1	0	0	0
	maekkeureoge	0.0	0	1	0	0
	maekkeureowge	0.0	0	0	1	0
	maekkeureolge	0.0	0	0	0	1
museop-dago$$$s70$p8	museopdago	1.0	1	0	0	0
	museodago	0.0	0	1	0	0
	museowdago	0.0	0	0	1	0
	museoldago	0.0	0	0	0	1
antakkap-seumnida$$$s2$p59	antakkapseumnida	1.0	1	0	0	0
	antakkaseumnida	0.0	0	1	0	0
	antakkawseumnida	0.0	0	0	1	0
	antakkalseumnida	0.0	0	0	0	1
antakkap-ge$$$s2$p32	antakkapge	1.0	1	0	0	0
	antakkage	0.0	0	1	0	0
	antakkawge	0.0	0	0	1	0
	antakkalge	0.0	0	0	0	1
kkadarop-gi$$$s60$p35	kkadaropgi	1.0	1	0	0	0
	kkadarogi	0.0	0	1	0	0
	kkadarowgi	0.0	0	0	1	0
	kkadarolgi	0.0	0	0	0	1
jeonggyeop-go$$$s54$p36	jeonggyeopgo	1.0	1	0	0	0
	jeonggyeogo	0.0	0	1	0	0
	jeonggyeowgo	0.0	0	0	1	0
	jeonggyeolgo	0.0	0	0	0	1
deop-get$$$s21$p34	deopget	1.0	1	0	0	0
	deoget	0.0	0	1	0	0
	deowget	0.0	0	0	1	0
	deolget	0.0	0	0	0	1
bukkeureop-da$$$s11$p6	bukkeureopda	1.0	1	0	0	0
	bukkeureoda	0.0	0	1	0	0
	bukkeureowda	0.0	0	0	1	0
	bukkeureolda	0.0	0	0	0	1
geurip-neyo$$$s36$p58	geuripneyo	1.0	1	0	0	0
	geurineyo	0.0	0	1	0	0
	geuriwneyo	0.0	0	0	1	0
	geurilneyo	0.0	0	0	0	1
geurip-gi$$$s36$p35	geuripgi	1.0	1	0	0	0
	geurigi	0.0	0	1	0	0
	geuriwgi	0.0	0	0	1	0
	geurilgi	0.0	0	0	0	1
gup-neun$$$s42$p53	gupneun	1.0	1	0	0	0
	guneun	0.0	0	1	0	0
	guwneun	0.0	0	0	1	0
	gulneun	0.0	0	0	0	1
gop-ge$$$s40$p32	gopge	1.0	1	0	0	0
	goge	0.0	0	1	0	0
	gowge	0.0	0	0	1	0
	golge	0.0	0	0	0	1
sonswip-ge$$$s84$p32	sonswipge	1.0	1	0	0	0
	sonswige	0.0	0	1	0	0
	sonswiwge	0.0	0	0	1	0
	sonswilge	0.0	0	0	0	1
dukkeop-go$$$s25$p36	dukkeopgo	1.0	1	0	0	0
	dukkeogo	0.0	0	1	0	0
	dukkeowgo	0.0	0	0	1	0
	dukkeolgo	0.0	0	0	0	1
saerop-ge$$$s78$p32	saeropge	1.0	1	0	0	0
	saeroge	0.0	0	1	0	0
	saerowge	0.0	0	0	1	0
	saerolge	0.0	0	0	0	1
useup-ge$$$s92$p32	useupge	1.0	1	0	0	0
	useuge	0.0	0	1	0	0
	useuwge	0.0	0	0	1	0
	useulge	0.0	0	0	0	1
eoryeop-nde$$$s31$p52	eoryeopnde	0.0	1	0	0	0
	eoryeonde	0.0	0	1	0	0
	eoryeownde	1.0	0	0	1	0
	eoryeolnde	0.0	0	0	0	1
eoryeop-eo$$$s31$p13	eoryeopeo	0.0	1	0	0	0
	eoryeoeo	0.0	0	1	0	0
	eoryeoweo	1.0	0	0	1	0
	eoryeoleo	0.0	0	0	0	1
eoryeop-l$$$s31$p44	eoryeopl	0.0	1	0	0	0
	eoryeol	0.0	0	1	0	0
	eoryeowl	1.0	0	0	1	0
	eoryeoll	0.0	0	0	0	1
eoryeop-n$$$s31$p49	eoryeopn	0.0	1	0	0	0
	eoryeon	0.0	0	1	0	0
	eoryeown	1.0	0	0	1	0
	eoryeoln	0.0	0	0	0	1
eoryeop-eot$$$s31$p16	eoryeopeot	0.0	1	0	0	0
	eoryeoeot	0.0	0	1	0	0
	eoryeoweot	1.0	0	0	1	0
	eoryeoleot	0.0	0	0	0	1
chagap-myeon$$$s16$p47	chagapmyeon	0.0	1	0	0	0
	chagamyeon	0.0	0	1	0	0
	chagawmyeon	1.0	0	0	1	0
	chagalmyeon	0.0	0	0	0	1
chagap-l$$$s16$p44	chagapl	0.0	1	0	0	0
	chagal	0.0	0	1	0	0
	chagawl	1.0	0	0	1	0
	chagall	0.0	0	0	0	1
chagap-n$$$s16$p49	chagapn	0.0	1	0	0	0
	chagan	0.0	0	1	0	0
	chagawn	1.0	0	0	1	0
	chagaln	0.0	0	0	0	1
areumdap-m$$$s3$p45	areumdapm	0.0	1	0	0	0
	areumdam	0.0	0	1	0	0
	areumdawm	1.0	0	0	1	0
	areumdalm	0.0	0	0	0	1
areumdap-n$$$s3$p49	areumdapn	0.0	1	0	0	0
	areumdan	0.0	0	1	0	0
	areumdawn	1.0	0	0	1	0
	areumdaln	0.0	0	0	0	1
chup-n$$$s19$p49	chupn	0.0	1	0	0	0
	chun	0.0	0	1	0	0
	chuwn	1.0	0	0	1	0
	chuln	0.0	0	0	0	1
swip-eumyeo$$$s88$p22	swipeumyeo	0.0	1	0	0	0
	swieumyeo	0.0	0	1	0	0
	swiweumyeo	1.0	0	0	1	0
	swileumyeo	0.0	0	0	0	1
swip-eo$$$s88$p13	swipeo	0.0	1	0	0	0
	swieo	0.0	0	1	0	0
	swiweo	1.0	0	0	1	0
	swileo	0.0	0	0	0	1
swip-n$$$s88$p49	swipn	0.0	1	0	0	0
	swin	0.0	0	1	0	0
	swiwn	1.0	0	0	1	0
	swiln	0.0	0	0	0	1
museop-eoseo$$$s70$p15	museopeoseo	0.0	1	0	0	0
	museoeoseo	0.0	0	1	0	0
	museoweoseo	1.0	0	0	1	0
	museoleoseo	0.0	0	0	0	1
museop-eot$$$s70$p16	museopeot	0.0	1	0	0	0
	museoeot	0.0	0	1	0	0
	museoweot	1.0	0	0	1	0
	museoleot	0.0	0	0	0	1
museop-n$$$s70$p49	museopn	0.0	1	0	0	0
	museon	0.0	0	1	0	0
	museown	1.0	0	0	1	0
	museoln	0.0	0	0	0	1
eodup-n$$$s30$p49	eodupn	0.0	1	0	0	0
	eodun	0.0	0	1	0	0
	eoduwn	1.0	0	0	1	0
	eoduln	0.0	0	0	0	1
eodup-eoseo$$$s30$p15	eodupeoseo	0.0	1	0	0	0
	eodueoseo	0.0	0	1	0	0
	eoduweoseo	1.0	0	0	1	0
	eoduleoseo	0.0	0	0	0	1
maep-eodo$$$s65$p14	maepeodo	0.0	1	0	0	0
	maeeodo	0.0	0	1	0	0
	maeweodo	1.0	0	0	1	0
	maeleodo	0.0	0	0	0	1
maep-n$$$s65$p49	maepn	0.0	1	0	0	0
	maen	0.0	0	1	0	0
	maewn	1.0	0	0	1	0
	maeln	0.0	0	0	0	1
maep-eoyo$$$s65$p19	maepeoyo	0.0	1	0	0	0
	maeeoyo	0.0	0	1	0	0
	maeweoyo	1.0	0	0	1	0
	maeleoyo	0.0	0	0	0	1
maep-eot$$$s65$p16	maepeot	0.0	1	0	0	0
	maeeot	0.0	0	1	0	0
	maeweot	1.0	0	0	1	0
	maeleot	0.0	0	0	0	1
maep-eo$$$s65$p13	maepeo	0.0	1	0	0	0
	maeeo	0.0	0	1	0	0
	maeweo	1.0	0	0	1	0
	maeleo	0.0	0	0	0	1
deop-n$$$s21$p49	deopn	0.0	1	0	0	0
	deon	0.0	0	1	0	0
	deown	1.0	0	0	1	0
	deoln	0.0	0	0	0	1
deop-eoyo$$$s21$p19	deopeoyo	0.0	1	0	0	0
	deoeoyo	0.0	0	1	0	0
	deoweoyo	1.0	0	0	1	0
	deoleoyo	0.0	0	0	0	1
akkap-eodo$$$s0$p14	akkapeodo	0.0	1	0	0	0
	akkaeodo	0.0	0	1	0	0
	akkaweodo	1.0	0	0	1	0
	akkaleodo	0.0	0	0	0	1
akkap-eoyo$$$s0$p19	akkapeoyo	0.0	1	0	0	0
	akkaeoyo	0.0	0	1	0	0
	akkaweoyo	1.0	0	0	1	0
	akkaleoyo	0.0	0	0	0	1
akkap-l$$$s0$p44	akkapl	0.0	1	0	0	0
	akkal	0.0	0	1	0	0
	akkawl	1.0	0	0	1	0
	akkall	0.0	0	0	0	1
aswip-n$$$s4$p49	aswipn	0.0	1	0	0	0
	aswin	0.0	0	1	0	0
	aswiwn	1.0	0	0	1	0
	aswiln	0.0	0	0	0	1
aswip-eot$$$s4$p16	aswipeot	0.0	1	0	0	0
	aswieot	0.0	0	1	0	0
	aswiweot	1.0	0	0	1	0
	aswileot	0.0	0	0	0	1
aswip-eoyo$$$s4$p19	aswipeoyo	0.0	1	0	0	0
	aswieoyo	0.0	0	1	0	0
	aswiweoyo	1.0	0	0	1	0
	aswileoyo	0.0	0	0	0	1
jeulgeop-n$$$s55$p49	jeulgeopn	0.0	1	0	0	0
	jeulgeon	0.0	0	1	0	0
	jeulgeown	1.0	0	0	1	0
	jeulgeoln	0.0	0	0	0	1
gakkap-eoyo$$$s34$p19	gakkapeoyo	0.0	1	0	0	0
	gakkaeoyo	0.0	0	1	0	0
	gakkaweoyo	1.0	0	0	1	0
	gakkaleoyo	0.0	0	0	0	1
gakkap-eoseo$$$s34$p15	gakkapeoseo	0.0	1	0	0	0
	gakkaeoseo	0.0	0	1	0	0
	gakkaweoseo	1.0	0	0	1	0
	gakkaleoseo	0.0	0	0	0	1
gakkap-eo$$$s34$p13	gakkapeo	0.0	1	0	0	0
	gakkaeo	0.0	0	1	0	0
	gakkaweo	1.0	0	0	1	0
	gakkaleo	0.0	0	0	0	1
gakkap-n$$$s34$p49	gakkapn	0.0	1	0	0	0
	gakkan	0.0	0	1	0	0
	gakkawn	1.0	0	0	1	0
	gakkaln	0.0	0	0	0	1
himgyeop-n$$$s45$p49	himgyeopn	0.0	1	0	0	0
	himgyeon	0.0	0	1	0	0
	himgyeown	1.0	0	0	1	0
	himgyeoln	0.0	0	0	0	1
sikkeureop-l$$$s80$p44	sikkeureopl	0.0	1	0	0	0
	sikkeureol	0.0	0	1	0	0
	sikkeureowl	1.0	0	0	1	0
	sikkeureoll	0.0	0	0	0	1
sikkeureop-eoyo$$$s80$p19	sikkeureopeoyo	0.0	1	0	0	0
	sikkeureoeoyo	0.0	0	1	0	0
	sikkeureoweoyo	1.0	0	0	1	0
	sikkeureoleoyo	0.0	0	0	0	1
sikkeureop-eoseo$$$s80$p15	sikkeureopeoseo	0.0	1	0	0	0
	sikkeureoeoseo	0.0	0	1	0	0
	sikkeureoweoseo	1.0	0	0	1	0
	sikkeureoleoseo	0.0	0	0	0	1
sikkeureop-n$$$s80$p49	sikkeureopn	0.0	1	0	0	0
	sikkeureon	0.0	0	1	0	0
	sikkeureown	1.0	0	0	1	0
	sikkeureoln	0.0	0	0	0	1
gup-eo$$$s42$p13	gupeo	0.0	1	0	0	0
	gueo	0.0	0	1	0	0
	guweo	1.0	0	0	1	0
	guleo	0.0	0	0	0	1
gup-myeo$$$s42$p46	gupmyeo	0.0	1	0	0	0
	gumyeo	0.0	0	1	0	0
	guwmyeo	1.0	0	0	1	0
	gulmyeo	0.0	0	0	0	1
gup-n$$$s42$p49	gupn	0.0	1	0	0	0
	gun	0.0	0	1	0	0
	guwn	1.0	0	0	1	0
	guln	0.0	0	0	0	1
gup-eoseo$$$s42$p15	gupeoseo	0.0	1	0	0	0
	gueoseo	0.0	0	1	0	0
	guweoseo	1.0	0	0	1	0
	guleoseo	0.0	0	0	0	1
gomap-eo$$$s39$p13	gomapeo	0.0	1	0	0	0
	gomaeo	0.0	0	1	0	0
	gomaweo	1.0	0	0	1	0
	gomaleo	0.0	0	0	0	1
gomap-eot$$$s39$p16	gomapeot	0.0	1	0	0	0
	gomaeot	0.0	0	1	0	0
	gomaweot	1.0	0	0	1	0
	gomaleot	0.0	0	0	0	1
nup-eo$$$s75$p13	nupeo	0.0	1	0	0	0
	nueo	0.0	0	1	0	0
	nuweo	1.0	0	0	1	0
	nuleo	0.0	0	0	0	1
nup-eoseo$$$s75$p15	nupeoseo	0.0	1	0	0	0
	nueoseo	0.0	0	1	0	0
	nuweoseo	1.0	0	0	1	0
	nuleoseo	0.0	0	0	0	1
nollap-l$$$s73$p44	nollapl	0.0	1	0	0	0
	nollal	0.0	0	1	0	0
	nollawl	1.0	0	0	1	0
	nollall	0.0	0	0	0	1
mugeop-eoseo$$$s68$p15	mugeopeoseo	0.0	1	0	0	0
	mugeoeoseo	0.0	0	1	0	0
	mugeoweoseo	1.0	0	0	1	0
	mugeoleoseo	0.0	0	0	0	1
mugeop-myeo$$$s68$p46	mugeopmyeo	0.0	1	0	0	0
	mugeomyeo	0.0	0	1	0	0
	mugeowmyeo	1.0	0	0	1	0
	mugeolmyeo	0.0	0	0	0	1
mugeop-n$$$s68$p49	mugeopn	0.0	1	0	0	0
	mugeon	0.0	0	1	0	0
	mugeown	1.0	0	0	1	0
	mugeoln	0.0	0	0	0	1
duteop-n$$$s27$p49	duteopn	0.0	1	0	0	0
	duteon	0.0	0	1	0	0
	duteown	1.0	0	0	1	0
	duteoln	0.0	0	0	0	1
saerop-n$$$s78$p49	saeropn	0.0	1	0	0	0
	saeron	0.0	0	1	0	0
	saerown	1.0	0	0	1	0
	saeroln	0.0	0	0	0	1
gabyeop-n$$$s33$p49	gabyeopn	0.0	1	0	0	0
	gabyeon	0.0	0	1	0	0
	gabyeown	1.0	0	0	1	0
	gabyeoln	0.0	0	0	0	1
budeureop-m$$$s10$p45	budeureopm	0.0	1	0	0	0
	budeureom	0.0	0	1	0	0
	budeureowm	1.0	0	0	1	0
	budeureolm	0.0	0	0	0	1
budeureop-eoyo$$$s10$p19	budeureopeoyo	0.0	1	0	0	0
	budeureoeoyo	0.0	0	1	0	0
	budeureoweoyo	1.0	0	0	1	0
	budeureoleoyo	0.0	0	0	0	1
budeureop-n$$$s10$p49	budeureopn	0.0	1	0	0	0
	budeureon	0.0	0	1	0	0
	budeureown	1.0	0	0	1	0
	budeureoln	0.0	0	0	0	1
budeureop-eoseo$$$s10$p15	budeureopeoseo	0.0	1	0	0	0
	budeureoeoseo	0.0	0	1	0	0
	budeureoweoseo	1.0	0	0	1	0
	budeureoleoseo	0.0	0	0	0	1
budeureop-eo$$$s10$p13	budeureopeo	0.0	1	0	0	0
	budeureoeo	0.0	0	1	0	0
	budeureoweo	1.0	0	0	1	0
	budeureoleo	0.0	0	0	0	1
ansseureop-eot$$$s1$p16	ansseureopeot	0.0	1	0	0	0
	ansseureoeot	0.0	0	1	0	0
	ansseureoweot	1.0	0	0	1	0
	ansseureoleot	0.0	0	0	0	1
ansseureop-myeonse$$$s1$p48	ansseureopmyeonse	0.0	1	0	0	0
	ansseureomyeonse	0.0	0	1	0	0
	ansseureowmyeonse	1.0	0	0	1	0
	ansseureolmyeonse	0.0	0	0	0	1
dop-at$$$s24$p3	dopat	0.0	1	0	0	0
	doat	0.0	0	1	0	0
	dowat	1.0	0	0	1	0
	dolat	0.0	0	0	0	1
dop-a$$$s24$p0	dopa	0.0	1	0	0	0
	doa	0.0	0	1	0	0
	dowa	1.0	0	0	1	0
	dola	0.0	0	0	0	1
dukkeop-n$$$s25$p49	dukkeopn	0.0	1	0	0	0
	dukkeon	0.0	0	1	0	0
	dukkeown	1.0	0	0	1	0
	dukkeoln	0.0	0	0	0	1
tteugeop-n$$$s89$p49	tteugeopn	0.0	1	0	0	0
	tteugeon	0.0	0	1	0	0
	tteugeown	1.0	0	0	1	0
	tteugeoln	0.0	0	0	0	1
gop-n$$$s40$p49	gopn	0.0	1	0	0	0
	gon	0.0	0	1	0	0
	gown	1.0	0	0	1	0
	goln	0.0	0	0	0	1
goerop-eot$$$s38$p16	goeropeot	0.0	1	0	0	0
	goeroeot	0.0	0	1	0	0
	goeroweot	1.0	0	0	1	0
	goeroleot	0.0	0	0	0	1
geurip-l$$$s36$p44	geuripl	0.0	1	0	0	0
	geuril	0.0	0	1	0	0
	geuriwl	1.0	0	0	1	0
	geurill	0.0	0	0	0	1
gwiyeop-n$$$s44$p49	gwiyeopn	0.0	1	0	0	0
	gwiyeon	0.0	0	1	0	0
	gwiyeown	1.0	0	0	1	0
	gwiyeoln	0.0	0	0	0	1
antakkap-n$$$s2$p49	antakkapn	0.0	1	0	0	0
	antakkan	0.0	0	1	0	0
	antakkawn	1.0	0	0	1	0
	antakkaln	0.0	0	0	0	1
duryeop-eot$$$s26$p16	duryeopeot	0.0	1	0	0	0
	duryeoeot	0.0	0	1	0	0
	duryeoweot	1.0	0	0	1	0
	duryeoleot	0.0	0	0	0	1
duryeop-eo$$$s26$p13	duryeopeo	0.0	1	0	0	0
	duryeoeo	0.0	0	1	0	0
	duryeoweo	1.0	0	0	1	0
	duryeoleo	0.0	0	0	0	1
maeseop-n$$$s66$p49	maeseopn	0.0	1	0	0	0
	maeseon	0.0	0	1	0	0
	maeseown	1.0	0	0	1	0
	maeseoln	0.0	0	0	0	1
oerop-n$$$s76$p49	oeropn	0.0	1	0	0	0
	oeron	0.0	0	1	0	0
	oerown	1.0	0	0	1	0
	oeroln	0.0	0	0	0	1
hwijip-go$$$s47$p36	hwijipgo	1.0	1	0	0	0
	hwijigo	0.0	0	1	0	0
	hwijiwgo	0.0	0	0	1	0
	hwijilgo	0.0	0	0	0	1
barojap-gi$$$s6$p35	barojapgi	1.0	1	0	0	0
	barojagi	0.0	0	1	0	0
	barojawgi	0.0	0	0	1	0
	barojalgi	0.0	0	0	0	1
barojap-neun$$$s6$p53	barojapneun	1.0	1	0	0	0
	barojaneun	0.0	0	1	0	0
	barojawneun	0.0	0	0	1	0
	barojalneun	0.0	0	0	0	1
butjap-gi$$$s14$p35	butjapgi	1.0	1	0	0	0
	butjagi	0.0	0	1	0	0
	butjawgi	0.0	0	0	1	0
	butjalgi	0.0	0	0	0	1
dwijip-neunda$$$s28$p54	dwijipneunda	1.0	1	0	0	0
	dwijineunda	0.0	0	1	0	0
	dwijiwneunda	0.0	0	0	1	0
	dwijilneunda	0.0	0	0	0	1
dwijip-neun$$$s28$p53	dwijipneun	1.0	1	0	0	0
	dwijineun	0.0	0	1	0	0
	dwijiwneun	0.0	0	0	1	0
	dwijilneun	0.0	0	0	0	1
jap-gi$$$s53$p35	japgi	1.0	1	0	0	0
	jagi	0.0	0	1	0	0
	jawgi	0.0	0	0	1	0
	jalgi	0.0	0	0	0	1
jap-ge$$$s53$p32	japge	1.0	1	0	0	0
	jage	0.0	0	1	0	0
	jawge	0.0	0	0	1	0
	jalge	0.0	0	0	0	1
jap-go$$$s53$p36	japgo	1.0	1	0	0	0
	jago	0.0	0	1	0	0
	jawgo	0.0	0	0	1	0
	jalgo	0.0	0	0	0	1
ip-ji$$$s51$p42	ipji	1.0	1	0	0	0
	iji	0.0	0	1	0	0
	iwji	0.0	0	0	1	0
	ilji	0.0	0	0	0	1
ip-neun$$$s51$p53	ipneun	1.0	1	0	0	0
	ineun	0.0	0	1	0	0
	iwneun	0.0	0	0	1	0
	ilneun	0.0	0	0	0	1
ip-deon$$$s51$p11	ipdeon	1.0	1	0	0	0
	ideon	0.0	0	1	0	0
	iwdeon	0.0	0	0	1	0
	ildeon	0.0	0	0	0	1
ip-geona$$$s51$p33	ipgeona	1.0	1	0	0	0
	igeona	0.0	0	1	0	0
	iwgeona	0.0	0	0	1	0
	ilgeona	0.0	0	0	0	1
ip-go$$$s51$p36	ipgo	1.0	1	0	0	0
	igo	0.0	0	1	0	0
	iwgo	0.0	0	0	1	0
	ilgo	0.0	0	0	0	1
ip-jiman$$$s51$p43	ipjiman	1.0	1	0	0	0
	ijiman	0.0	0	1	0	0
	iwjiman	0.0	0	0	1	0
	iljiman	0.0	0	0	0	1
ssip-neun$$$s85$p53	ssipneun	1.0	1	0	0	0
	ssineun	0.0	0	1	0	0
	ssiwneun	0.0	0	0	1	0
	ssilneun	0.0	0	0	0	1
jap-a$$$s53$p0	japa	1.0	1	0	0	0
	jaa	0.0	0	1	0	0
	jawa	0.0	0	0	1	0
	jala	0.0	0	0	0	1
jap-ado$$$s53$p1	japado	1.0	1	0	0	0
	jaado	0.0	0	1	0	0
	jawado	0.0	0	0	1	0
	jalado	0.0	0	0	0	1
jap-eun$$$s53$p25	japeun	1.0	1	0	0	0
	jaeun	0.0	0	1	0	0
	jaweun	0.0	0	0	1	0
	jaleun	0.0	0	0	0	1
jap-at$$$s53$p3	japat	1.0	1	0	0	0
	jaat	0.0	0	1	0	0
	jawat	0.0	0	0	1	0
	jalat	0.0	0	0	0	1
jap-aya$$$s53$p4	japaya	1.0	1	0	0	0
	jaaya	0.0	0	1	0	0
	jawaya	0.0	0	0	1	0
	jalaya	0.0	0	0	0	1
jap-eumyeonse$$$s53$p24	japeumyeonse	1.0	1	0	0	0
	jaeumyeonse	0.0	0	1	0	0
	jaweumyeonse	0.0	0	0	1	0
	jaleumyeonse	0.0	0	0	0	1
jap-eumyeon$$$s53$p23	japeumyeon	1.0	1	0	0	0
	jaeumyeon	0.0	0	1	0	0
	jaweumyeon	0.0	0	0	1	0
	jaleumyeon	0.0	0	0	0	1
kkojip-eot$$$s62$p16	kkojipeot	1.0	1	0	0	0
	kkojieot	0.0	0	1	0	0
	kkojiweot	0.0	0	0	1	0
	kkojileot	0.0	0	0	0	1
ssip-eumyeon$$$s85$p23	ssipeumyeon	1.0	1	0	0	0
	ssieumyeon	0.0	0	1	0	0
	ssiweumyeon	0.0	0	0	1	0
	ssileumyeon	0.0	0	0	0	1
jjip-eo$$$s58$p13	jjipeo	1.0	1	0	0	0
	jjieo	0.0	0	1	0	0
	jjiweo	0.0	0	0	1	0
	jjileo	0.0	0	0	0	1
sonjap-eul$$$s83$p20	sonjapeul	1.0	1	0	0	0
	sonjaeul	0.0	0	1	0	0
	sonjaweul	0.0	0	0	1	0
	sonjaleul	0.0	0	0	0	1
butjap-a$$$s14$p0	butjapa	1.0	1	0	0	0
	butjaa	0.0	0	1	0	0
	butjawa	0.0	0	0	1	0
	butjala	0.0	0	0	0	1
sarojap-eumyeo$$$s79$p22	sarojapeumyeo	1.0	1	0	0	0
	sarojaeumyeo	0.0	0	1	0	0
	sarojaweumyeo	0.0	0	0	1	0
	sarojaleumyeo	0.0	0	0	0	1
himip-eo$$$s46$p13	himipeo	1.0	1	0	0	0
	himieo	0.0	0	1	0	0
	himiweo	0.0	0	0	1	0
	himileo	0.0	0	0	0	1
ip-eot$$$s51$p16	ipeot	1.0	1	0	0	0
	ieot	0.0	0	1	0	0
	iweot	0.0	0	0	1	0
	ileot	0.0	0	0	0	1
ip-eul$$$s51$p20	ipeul	1.0	1	0	0	0
	ieul	0.0	0	1	0	0
	iweul	0.0	0	0	1	0
	ileul	0.0	0	0	0	1
ip-eo$$$s51$p13	ipeo	1.0	1	0	0	0
	ieo	0.0	0	1	0	0
	iweo	0.0	0	0	1	0
	ileo	0.0	0	0	0	1
ip-eun$$$s51$p25	ipeun	1.0	1	0	0	0
	ieun	0.0	0	1	0	0
	iweun	0.0	0	0	1	0
	ileun	0.0	0	0	0	1
dwijip-eo$$$s28$p13	dwijipeo	1.0	1	0	0	0
	dwijieo	0.0	0	1	0	0
	dwijiweo	0.0	0	0	1	0
	dwijileo	0.0	0	0	0	1
jip-eo$$$s56$p13	jipeo	1.0	1	0	0	0
	jieo	0.0	0	1	0	0
	jiweo	0.0	0	0	1	0
	jileo	0.0	0	0	0	1
charyeip-eun$$$s17$p25	charyeipeun	1.0	1	0	0	0
	charyeieun	0.0	0	1	0	0
	charyeiweun	0.0	0	0	1	0
	charyeileun	0.0	0	0	0	1
is-dorok$$$s52$p12	itdorok	1.0	1	0	0	0
	idorok	0.0	0	1	0	0
	ijdorok	0.0	0	0	1	0
	ildorok	0.0	0	0	0	1
is-neun$$$s52$p53	itneun	1.0	1	0	0	0
	ineun	0.0	0	1	0	0
	ijneun	0.0	0	0	1	0
	ilneun	0.0	0	0	0	1
is-go$$$s52$p36	itgo	1.0	1	0	0	0
	igo	0.0	0	1	0	0
	ijgo	0.0	0	0	1	0
	ilgo	0.0	0	0	0	1
is-neyo$$$s52$p58	itneyo	1.0	1	0	0	0
	ineyo	0.0	0	1	0	0
	ijneyo	0.0	0	0	1	0
	ilneyo	0.0	0	0	0	1
jis-go$$$s57$p36	jitgo	1.0	1	0	0	0
	jigo	0.0	0	1	0	0
	jijgo	0.0	0	0	1	0
	jilgo	0.0	0	0	0	1
jis-gi$$$s57$p35	jitgi	1.0	1	0	0	0
	jigi	0.0	0	1	0	0
	jijgi	0.0	0	0	1	0
	jilgi	0.0	0	0	0	1
jis-ge$$$s57$p32	jitge	1.0	1	0	0	0
	jige	0.0	0	1	0	0
	jijge	0.0	0	0	1	0
	jilge	0.0	0	0	0	1
jis-neun$$$s57$p53	jitneun	1.0	1	0	0	0
	jineun	0.0	0	1	0	0
	jijneun	0.0	0	0	1	0
	jilneun	0.0	0	0	0	1
nas-ji$$$s72$p42	natji	1.0	1	0	0	0
	naji	0.0	0	1	0	0
	najji	0.0	0	0	1	0
	nalji	0.0	0	0	0	1
nas-dago$$$s72$p8	natdago	1.0	1	0	0	0
	nadago	0.0	0	1	0	0
	najdago	0.0	0	0	1	0
	naldago	0.0	0	0	0	1
nas-daneun$$$s72$p9	natdaneun	1.0	1	0	0	0
	nadaneun	0.0	0	1	0	0
	najdaneun	0.0	0	0	1	0
	naldaneun	0.0	0	0	0	1
nas-guyo$$$s72$p38	natguyo	1.0	1	0	0	0
	naguyo	0.0	0	1	0	0
	najguyo	0.0	0	0	1	0
	nalguyo	0.0	0	0	0	1
bus-go$$$s12$p36	butgo	1.0	1	0	0	0
	bugo	0.0	0	1	0	0
	bujgo	0.0	0	0	1	0
	bulgo	0.0	0	0	0	1
maedeupjis-go$$$s63$p36	maedeupjitgo	1.0	1	0	0	0
	maedeupjigo	0.0	0	1	0	0
	maedeupjijgo	0.0	0	0	1	0
	maedeupjilgo	0.0	0	0	0	1
is-eo$$$s52$p13	iseo	0.0	1	0	0	0
	ieo	1.0	0	1	0	0
	ijeo	0.0	0	0	1	0
	ileo	0.0	0	0	0	1
is-n$$$s52$p49	isn	0.0	1	0	0	0
	in	1.0	0	1	0	0
	ijn	0.0	0	0	1	0
	iln	0.0	0	0	0	1
jis-eul$$$s57$p20	jiseul	0.0	1	0	0	0
	jieul	1.0	0	1	0	0
	jijeul	0.0	0	0	1	0
	jileul	0.0	0	0	0	1
jis-eo$$$s57$p13	jiseo	0.0	1	0	0	0
	jieo	1.0	0	1	0	0
	jijeo	0.0	0	0	1	0
	jileo	0.0	0	0	0	1
jis-eot$$$s57$p16	jiseot	0.0	1	0	0	0
	jieot	1.0	0	1	0	0
	jijeot	0.0	0	0	1	0
	jileot	0.0	0	0	0	1
jis-eumyeo$$$s57$p22	jiseumyeo	0.0	1	0	0	0
	jieumyeo	1.0	0	1	0	0
	jijeumyeo	0.0	0	0	1	0
	jileumyeo	0.0	0	0	0	1
jis-eoya$$$s57$p18	jiseoya	0.0	1	0	0	0
	jieoya	1.0	0	1	0	0
	jijeoya	0.0	0	0	1	0
	jileoya	0.0	0	0	0	1
jis-eun$$$s57$p25	jiseun	0.0	1	0	0	0
	jieun	1.0	0	1	0	0
	jijeun	0.0	0	0	1	0
	jileun	0.0	0	0	0	1
nongsajis-eun$$$s74$p25	nongsajiseun	0.0	1	0	0	0
	nongsajieun	1.0	0	1	0	0
	nongsajijeun	0.0	0	0	1	0
	nongsajileun	0.0	0	0	0	1
bus-eo$$$s12$p13	buseo	0.0	1	0	0	0
	bueo	1.0	0	1	0	0
	bujeo	0.0	0	0	1	0
	buleo	0.0	0	0	0	1
nas-eul$$$s72$p20	naseul	0.0	1	0	0	0
	naeul	1.0	0	1	0	0
	najeul	0.0	0	0	1	0
	naleul	0.0	0	0	0	1
nas-eun$$$s72$p25	naseun	0.0	1	0	0	0
	naeun	1.0	0	1	0	0
	najeun	0.0	0	0	1	0
	naleun	0.0	0	0	0	1
yeonis-eo$$$s93$p13	yeoniseo	0.0	1	0	0	0
	yeonieo	1.0	0	1	0	0
	yeonijeo	0.0	0	0	1	0
	yeonileo	0.0	0	0	0	1
dwis-eo$$$s29$p13	dwiseo	0.0	1	0	0	0
	dwieo	1.0	0	1	0	0
	dwijeo	0.0	0	0	1	0
	dwileo	0.0	0	0	0	1
ssis-gi$$$s86$p35	ssitgi	1.0	1	0	0	0
	ssigi	0.0	0	1	0	0
	ssijgi	0.0	0	0	1	0
	ssilgi	0.0	0	0	0	1
us-ge$$$s91$p32	utge	1.0	1	0	0	0
	uge	0.0	0	1	0	0
	ujge	0.0	0	0	1	0
	ulge	0.0	0	0	0	1
us-neureago$$$s91$p57	utneureago	1.0	1	0	0	0
	uneureago	0.0	0	1	0	0
	ujneureago	0.0	0	0	1	0
	ulneureago	0.0	0	0	0	1
us-neun$$$s91$p53	utneun	1.0	1	0	0	0
	uneun	0.0	0	1	0	0
	ujneun	0.0	0	0	1	0
	ulneun	0.0	0	0	0	1
chisos-neun$$$s18$p53	chisotneun	1.0	1	0	0	0
	chisoneun	0.0	0	1	0	0
	chisojneun	0.0	0	0	1	0
	chisolneun	0.0	0	0	0	1
johas-da$$$s59$p6	johatda	1.0	1	0	0	0
	johada	0.0	0	1	0	0
	johajda	0.0	0	0	1	0
	johalda	0.0	0	0	0	1
beos-go$$$s9$p36	beotgo	1.0	1	0	0	0
	beogo	0.0	0	1	0	0
	beojgo	0.0	0	0	1	0
	beolgo	0.0	0	0	0	1
us-eot$$$s91$p16	useot	1.0	1	0	0	0
	ueot	0.0	0	1	0	0
	ujeot	0.0	0	0	1	0
	uleot	0.0	0	0	0	1
us-eumyeonse$$$s91$p24	useumyeonse	1.0	1	0	0	0
	ueumyeonse	0.0	0	1	0	0
	ujeumyeonse	0.0	0	0	1	0
	uleumyeonse	0.0	0	0	0	1
us-eumyeo$$$s91$p22	useumyeo	1.0	1	0	0	0
	ueumyeo	0.0	0	1	0	0
	ujeumyeo	0.0	0	0	1	0
	uleumyeo	0.0	0	0	0	1
ssis-eum$$$s86$p21	ssiseum	1.0	1	0	0	0
	ssieum	0.0	0	1	0	0
	ssijeum	0.0	0	0	1	0
	ssileum	0.0	0	0	0	1
ssis-eumyeon$$$s86$p23	ssiseumyeon	1.0	1	0	0	0
	ssieumyeon	0.0	0	1	0	0
	ssijeumyeon	0.0	0	0	1	0
	ssileumyeon	0.0	0	0	0	1
chisos-eumyeo$$$s18$p22	chisoseumyeo	1.0	1	0	0	0
	chisoeumyeo	0.0	0	1	0	0
	chisojeumyeo	0.0	0	0	1	0
	chisoleumyeo	0.0	0	0	0	1
johas-eoyo$$$s59$p19	johaseoyo	1.0	1	0	0	0
	johaeoyo	0.0	0	1	0	0
	johajeoyo	0.0	0	0	1	0
	johaleoyo	0.0	0	0	0	1
is-eoseo$$$s52$p15	iseoseo	1.0	1	0	0	0
	ieoseo	0.0	0	1	0	0
	ijeoseo	0.0	0	0	1	0
	ileoseo	0.0	0	0	0	1
ppaeas-eun$$$s77$p25	ppaeaseun	1.0	1	0	0	0
	ppaeaeun	0.0	0	1	0	0
	ppaeajeun	0.0	0	0	1	0
	ppaealeun	0.0	0	0	0	1
byas-euna$$$s15$p26	byaseuna	1.0	1	0	0	0
	byaeuna	0.0	0	1	0	0
	byajeuna	0.0	0	0	1	0
	byaleuna	0.0	0	0	0	1
deut-neunde$$$s23$p56	deutneunde	1.0	1	0	0	0
	deuneunde	0.0	0	1	0	0
	deujneunde	0.0	0	0	1	0
	deulneunde	0.0	0	0	0	1
deut-go$$$s23$p36	deutgo	1.0	1	0	0	0
	deugo	0.0	0	1	0	0
	deujgo	0.0	0	0	1	0
	deulgo	0.0	0	0	0	1
deut-ji$$$s23$p42	deutji	1.0	1	0	0	0
	deuji	0.0	0	1	0	0
	deujji	0.0	0	0	1	0
	deulji	0.0	0	0	0	1
deut-neun$$$s23$p53	deutneun	1.0	1	0	0	0
	deuneun	0.0	0	1	0	0
	deujneun	0.0	0	0	1	0
	deulneun	0.0	0	0	0	1
deut-neunda$$$s23$p54	deutneunda	1.0	1	0	0	0
	deuneunda	0.0	0	1	0	0
	deujneunda	0.0	0	0	1	0
	deulneunda	0.0	0	0	0	1
deut-jamaja$$$s23$p40	deutjamaja	1.0	1	0	0	0
	deujamaja	0.0	0	1	0	0
	deujjamaja	0.0	0	0	1	0
	deuljamaja	0.0	0	0	0	1
geot-gi$$$s35$p35	geotgi	1.0	1	0	0	0
	geogi	0.0	0	1	0	0
	geojgi	0.0	0	0	1	0
	geolgi	0.0	0	0	0	1
geot-neun$$$s35$p53	geotneun	1.0	1	0	0	0
	geoneun	0.0	0	1	0	0
	geojneun	0.0	0	0	1	0
	geolneun	0.0	0	0	0	1
geot-go$$$s35$p36	geotgo	1.0	1	0	0	0
	geogo	0.0	0	1	0	0
	geojgo	0.0	0	0	1	0
	geolgo	0.0	0	0	0	1
kkaedat-ji$$$s61$p42	kkaedatji	1.0	1	0	0	0
	kkaedaji	0.0	0	1	0	0
	kkaedajji	0.0	0	0	1	0
	kkaedalji	0.0	0	0	0	1
kkaedat-ge$$$s61$p32	kkaedatge	1.0	1	0	0	0
	kkaedage	0.0	0	1	0	0
	kkaedajge	0.0	0	0	1	0
	kkaedalge	0.0	0	0	0	1
sit-go$$$s82$p36	sitgo	1.0	1	0	0	0
	sigo	0.0	0	1	0	0
	sijgo	0.0	0	0	1	0
	silgo	0.0	0	0	0	1
mut-ji$$$s71$p42	mutji	1.0	1	0	0	0
	muji	0.0	0	1	0	0
	mujji	0.0	0	0	1	0
	mulji	0.0	0	0	0	1
mut-ja$$$s71$p39	mutja	1.0	1	0	0	0
	muja	0.0	0	1	0	0
	mujja	0.0	0	0	1	0
	mulja	0.0	0	0	0	1
mut-neun$$$s71$p53	mutneun	1.0	1	0	0	0
	muneun	0.0	0	1	0	0
	mujneun	0.0	0	0	1	0
	mulneun	0.0	0	0	0	1
ilkkeut-neunda$$$s49$p54	ilkkeutneunda	1.0	1	0	0	0
	ilkkeuneunda	0.0	0	1	0	0
	ilkkeujneunda	0.0	0	0	1	0
	ilkkeulneunda	0.0	0	0	0	1
ilkkeut-neun$$$s49$p53	ilkkeutneun	1.0	1	0	0	0
	ilkkeuneun	0.0	0	1	0	0
	ilkkeujneun	0.0	0	0	1	0
	ilkkeulneun	0.0	0	0	0	1
sit-eul$$$s82$p20	siteul	0.0	1	0	0	0
	sieul	0.0	0	1	0	0
	sijeul	0.0	0	0	1	0
	sileul	1.0	0	0	0	1
sit-eun$$$s82$p25	siteun	0.0	1	0	0	0
	sieun	0.0	0	1	0	0
	sijeun	0.0	0	0	1	0
	sileun	1.0	0	0	0	1
sit-eo$$$s82$p13	siteo	0.0	1	0	0	0
	sieo	0.0	0	1	0	0
	sijeo	0.0	0	0	1	0
	sileo	1.0	0	0	0	1
sit-eot$$$s82$p16	siteot	0.0	1	0	0	0
	sieot	0.0	0	1	0	0
	sijeot	0.0	0	0	1	0
	sileot	1.0	0	0	0	1
deut-eodo$$$s23$p14	deuteodo	0.0	1	0	0	0
	deueodo	0.0	0	1	0	0
	deujeodo	0.0	0	0	1	0
	deuleodo	1.0	0	0	0	1
deut-eot$$$s23$p16	deuteot	0.0	1	0	0	0
	deueot	0.0	0	1	0	0
	deujeot	0.0	0	0	1	0
	deuleot	1.0	0	0	0	1
deut-eotseot$$$s23$p17	deuteotseot	0.0	1	0	0	0
	deueotseot	0.0	0	1	0	0
	deujeotseot	0.0	0	0	1	0
	deuleotseot	1.0	0	0	0	1
mut-euni$$$s71$p27	muteuni	0.0	1	0	0	0
	mueuni	0.0	0	1	0	0
	mujeuni	0.0	0	0	1	0
	muleuni	1.0	0	0	0	1
mut-eot$$$s71$p16	muteot	0.0	1	0	0	0
	mueot	0.0	0	1	0	0
	mujeot	0.0	0	0	1	0
	muleot	1.0	0	0	0	1
mut-eumyeonse$$$s71$p24	muteumyeonse	0.0	1	0	0	0
	mueumyeonse	0.0	0	1	0	0
	mujeumyeonse	0.0	0	0	1	0
	muleumyeonse	1.0	0	0	0	1
mut-eo$$$s71$p13	muteo	0.0	1	0	0	0
	mueo	0.0	0	1	0	0
	mujeo	0.0	0	0	1	0
	muleo	1.0	0	0	0	1
geot-eumyeon$$$s35$p23	geoteumyeon	0.0	1	0	0	0
	geoeumyeon	0.0	0	1	0	0
	geojeumyeon	0.0	0	0	1	0
	geoleumyeon	1.0	0	0	0	1
geot-eoseo$$$s35$p15	geoteoseo	0.0	1	0	0	0
	geoeoseo	0.0	0	1	0	0
	geojeoseo	0.0	0	0	1	0
	geoleoseo	1.0	0	0	0	1
git-eo$$$s37$p13	giteo	0.0	1	0	0	0
	gieo	0.0	0	1	0	0
	gijeo	0.0	0	0	1	0
	gileo	1.0	0	0	0	1
but-eun$$$s13$p25	buteun	0.0	1	0	0	0
	bueun	0.0	0	1	0	0
	bujeun	0.0	0	0	1	0
	buleun	1.0	0	0	0	1
mit-ji$$$s67$p42	mitji	1.0	1	0	0	0
	miji	0.0	0	1	0	0
	mijji	0.0	0	0	1	0
	milji	0.0	0	0	0	1
mit-neunda$$$s67$p54	mitneunda	1.0	1	0	0	0
	mineunda	0.0	0	1	0	0
	mijneunda	0.0	0	0	1	0
	milneunda	0.0	0	0	0	1
mit-seumnida$$$s67$p59	mitseumnida	1.0	1	0	0	0
	miseumnida	0.0	0	1	0	0
	mijseumnida	0.0	0	0	1	0
	milseumnida	0.0	0	0	0	1
mit-go$$$s67$p36	mitgo	1.0	1	0	0	0
	migo	0.0	0	1	0	0
	mijgo	0.0	0	0	1	0
	milgo	0.0	0	0	0	1
bat-gi$$$s7$p35	batgi	1.0	1	0	0	0
	bagi	0.0	0	1	0	0
	bajgi	0.0	0	0	1	0
	balgi	0.0	0	0	0	1
bat-neun$$$s7$p53	batneun	1.0	1	0	0	0
	baneun	0.0	0	1	0	0
	bajneun	0.0	0	0	1	0
	balneun	0.0	0	0	0	1
bat-daga$$$s7$p7	batdaga	1.0	1	0	0	0
	badaga	0.0	0	1	0	0
	bajdaga	0.0	0	0	1	0
	baldaga	0.0	0	0	0	1
bat-ji$$$s7$p42	batji	1.0	1	0	0	0
	baji	0.0	0	1	0	0
	bajji	0.0	0	0	1	0
	balji	0.0	0	0	0	1
bat-jamaja$$$s7$p40	batjamaja	1.0	1	0	0	0
	bajamaja	0.0	0	1	0	0
	bajjamaja	0.0	0	0	1	0
	baljamaja	0.0	0	0	0	1
bat-go$$$s7$p36	batgo	1.0	1	0	0	0
	bago	0.0	0	1	0	0
	bajgo	0.0	0	0	1	0
	balgo	0.0	0	0	0	1
bat-get$$$s7$p34	batget	1.0	1	0	0	0
	baget	0.0	0	1	0	0
	bajget	0.0	0	0	1	0
	balget	0.0	0	0	0	1
bat-ge$$$s7$p32	batge	1.0	1	0	0	0
	bage	0.0	0	1	0	0
	bajge	0.0	0	0	1	0
	balge	0.0	0	0	0	1
bat-neyo$$$s7$p58	batneyo	1.0	1	0	0	0
	baneyo	0.0	0	1	0	0
	bajneyo	0.0	0	0	1	0
	balneyo	0.0	0	0	0	1
bat-neundago$$$s7$p55	batneundago	1.0	1	0	0	0
	baneundago	0.0	0	1	0	0
	bajneundago	0.0	0	0	1	0
	balneundago	0.0	0	0	0	1
bat-neunda$$$s7$p54	batneunda	1.0	1	0	0	0
	baneunda	0.0	0	1	0	0
	bajneunda	0.0	0	0	1	0
	balneunda	0.0	0	0	0	1
eot-neunde$$$s32$p56	eotneunde	1.0	1	0	0	0
	eoneunde	0.0	0	1	0	0
	eojneunde	0.0	0	0	1	0
	eolneunde	0.0	0	0	0	1
eot-go$$$s32$p36	eotgo	1.0	1	0	0	0
	eogo	0.0	0	1	0	0
	eojgo	0.0	0	0	1	0
	eolgo	0.0	0	0	0	1
eot-neun$$$s32$p53	eotneun	1.0	1	0	0	0
	eoneun	0.0	0	1	0	0
	eojneun	0.0	0	0	1	0
	eolneun	0.0	0	0	0	1
eot-ge$$$s32$p32	eotge	1.0	1	0	0	0
	eoge	0.0	0	1	0	0
	eojge	0.0	0	0	1	0
	eolge	0.0	0	0	0	1
eot-gi$$$s32$p35	eotgi	1.0	1	0	0	0
	eogi	0.0	0	1	0	0
	eojgi	0.0	0	0	1	0
	eolgi	0.0	0	0	0	1
dat-nayo$$$s20$p51	datnayo	1.0	1	0	0	0
	danayo	0.0	0	1	0	0
	dajnayo	0.0	0	0	1	0
	dalnayo	0.0	0	0	0	1
dat-ji$$$s20$p42	datji	1.0	1	0	0	0
	daji	0.0	0	1	0	0
	dajji	0.0	0	0	1	0
	dalji	0.0	0	0	0	1
dat-na$$$s20$p50	datna	1.0	1	0	0	0
	dana	0.0	0	1	0	0
	dajna	0.0	0	0	1	0
	dalna	0.0	0	0	0	1
beorimbat-go$$$s8$p36	beorimbatgo	1.0	1	0	0	0
	beorimbago	0.0	0	1	0	0
	beorimbajgo	0.0	0	0	1	0
	beorimbalgo	0.0	0	0	0	1
injeongbat-go$$$s50$p36	injeongbatgo	1.0	1	0	0	0
	injeongbago	0.0	0	1	0	0
	injeongbajgo	0.0	0	0	1	0
	injeongbalgo	0.0	0	0	0	1
injeongbat-neun$$$s50$p53	injeongbatneun	1.0	1	0	0	0
	injeongbaneun	0.0	0	1	0	0
	injeongbajneun	0.0	0	0	1	0
	injeongbalneun	0.0	0	0	0	1
gut-ge$$$s43$p32	gutge	1.0	1	0	0	0
	guge	0.0	0	1	0	0
	gujge	0.0	0	0	1	0
	gulge	0.0	0	0	0	1
ssot-go$$$s87$p36	ssotgo	1.0	1	0	0	0
	ssogo	0.0	0	1	0	0
	ssojgo	0.0	0	0	1	0
	ssolgo	0.0	0	0	0	1
ssot-janeun$$$s87$p41	ssotjaneun	1.0	1	0	0	0
	ssojaneun	0.0	0	1	0	0
	ssojjaneun	0.0	0	0	1	0
	ssoljaneun	0.0	0	0	0	1
mulryeobat-ge$$$s69$p32	mulryeobatge	1.0	1	0	0	0
	mulryeobage	0.0	0	1	0	0
	mulryeobajge	0.0	0	0	1	0
	mulryeobalge	0.0	0	0	0	1
tteut-eo$$$s90$p13	tteuteo	1.0	1	0	0	0
	tteueo	0.0	0	1	0	0
	tteujeo	0.0	0	0	1	0
	tteuleo	0.0	0	0	0	1
tteut-eul$$$s90$p20	tteuteul	1.0	1	0	0	0
	tteueul	0.0	0	1	0	0
	tteujeul	0.0	0	0	1	0
	tteuleul	0.0	0	0	0	1
tteut-eoseo$$$s90$p15	tteuteoseo	1.0	1	0	0	0
	tteueoseo	0.0	0	1	0	0
	tteujeoseo	0.0	0	0	1	0
	tteuleoseo	0.0	0	0	0	1
mit-eum$$$s67$p21	miteum	1.0	1	0	0	0
	mieum	0.0	0	1	0	0
	mijeum	0.0	0	0	1	0
	mileum	0.0	0	0	0	1
mit-eumyeo$$$s67$p22	miteumyeo	1.0	1	0	0	0
	mieumyeo	0.0	0	1	0	0
	mijeumyeo	0.0	0	0	1	0
	mileumyeo	0.0	0	0	0	1
mit-eumyeon$$$s67$p23	miteumyeon	1.0	1	0	0	0
	mieumyeon	0.0	0	1	0	0
	mijeumyeon	0.0	0	0	1	0
	mileumyeon	0.0	0	0	0	1
mit-eul$$$s67$p20	miteul	1.0	1	0	0	0
	mieul	0.0	0	1	0	0
	mijeul	0.0	0	0	1	0
	mileul	0.0	0	0	0	1
mit-eot$$$s67$p16	miteot	1.0	1	0	0	0
	mieot	0.0	0	1	0	0
	mijeot	0.0	0	0	1	0
	mileot	0.0	0	0	0	1
eot-eureoneun$$$s32$p29	eoteureoneun	1.0	1	0	0	0
	eoeureoneun	0.0	0	1	0	0
	eojeureoneun	0.0	0	0	1	0
	eoleureoneun	0.0	0	0	0	1
eot-eot$$$s32$p16	eoteot	1.0	1	0	0	0
	eoeot	0.0	0	1	0	0
	eojeot	0.0	0	0	1	0
	eoleot	0.0	0	0	0	1
eot-eul$$$s32$p20	eoteul	1.0	1	0	0	0
	eoeul	0.0	0	1	0	0
	eojeul	0.0	0	0	1	0
	eoleul	0.0	0	0	0	1
eot-eo$$$s32$p13	eoteo	1.0	1	0	0	0
	eoeo	0.0	0	1	0	0
	eojeo	0.0	0	0	1	0
	eoleo	0.0	0	0	0	1
eot-eumyeonse$$$s32$p24	eoteumyeonse	1.0	1	0	0	0
	eoeumyeonse	0.0	0	1	0	0
	eojeumyeonse	0.0	0	0	1	0
	eoleumyeonse	0.0	0	0	0	1
eot-eumyeon$$$s32$p23	eoteumyeon	1.0	1	0	0	0
	eoeumyeon	0.0	0	1	0	0
	eojeumyeon	0.0	0	0	1	0
	eoleumyeon	0.0	0	0	0	1
eot-eodo$$$s32$p14	eoteodo	1.0	1	0	0	0
	eoeodo	0.0	0	1	0	0
	eojeodo	0.0	0	0	1	0
	eoleodo	0.0	0	0	0	1
eot-eun$$$s32$p25	eoteun	1.0	1	0	0	0
	eoeun	0.0	0	1	0	0
	eojeun	0.0	0	0	1	0
	eoleun	0.0	0	0	0	1
dat-at$$$s20$p3	datat	1.0	1	0	0	0
	daat	0.0	0	1	0	0
	dajat	0.0	0	0	1	0
	dalat	0.0	0	0	0	1
dat-aseo$$$s20$p2	dataseo	1.0	1	0	0	0
	daaseo	0.0	0	1	0	0
	dajaseo	0.0	0	0	1	0
	dalaseo	0.0	0	0	0	1
dat-eusi$$$s20$p31	dateusi	1.0	1	0	0	0
	daeusi	0.0	0	1	0	0
	dajeusi	0.0	0	0	1	0
	daleusi	0.0	0	0	0	1
dat-eun$$$s20$p25	dateun	1.0	1	0	0	0
	daeun	0.0	0	1	0	0
	dajeun	0.0	0	0	1	0
	daleun	0.0	0	0	0	1
bat-at$$$s7$p3	batat	1.0	1	0	0	0
	baat	0.0	0	1	0	0
	bajat	0.0	0	0	1	0
	balat	0.0	0	0	0	1
bat-ado$$$s7$p1	batado	1.0	1	0	0	0
	baado	0.0	0	1	0	0
	bajado	0.0	0	0	1	0
	balado	0.0	0	0	0	1
bat-eumyeo$$$s7$p22	bateumyeo	1.0	1	0	0	0
	baeumyeo	0.0	0	1	0	0
	bajeumyeo	0.0	0	0	1	0
	baleumyeo	0.0	0	0	0	1
bat-a$$$s7$p0	bata	1.0	1	0	0	0
	baa	0.0	0	1	0	0
	baja	0.0	0	0	1	0
	bala	0.0	0	0	0	1
bat-eumyeonse$$$s7$p24	bateumyeonse	1.0	1	0	0	0
	baeumyeonse	0.0	0	1	0	0
	bajeumyeonse	0.0	0	0	1	0
	baleumyeonse	0.0	0	0	0	1
bat-eureo$$$s7$p28	bateureo	1.0	1	0	0	0
	baeureo	0.0	0	1	0	0
	bajeureo	0.0	0	0	1	0
	baleureo	0.0	0	0	0	1
bat-eul$$$s7$p20	bateul	1.0	1	0	0	0
	baeul	0.0	0	1	0	0
	bajeul	0.0	0	0	1	0
	baleul	0.0	0	0	0	1
bat-aseo$$$s7$p2	bataseo	1.0	1	0	0	0
	baaseo	0.0	0	1	0	0
	bajaseo	0.0	0	0	1	0
	balaseo	0.0	0	0	0	1
bat-eum$$$s7$p21	bateum	1.0	1	0	0	0
	baeum	0.0	0	1	0	0
	bajeum	0.0	0	0	1	0
	baleum	0.0	0	0	0	1
bat-euseyo$$$s7$p30	bateuseyo	1.0	1	0	0	0
	baeuseyo	0.0	0	1	0	0
	bajeuseyo	0.0	0	0	1	0
	baleuseyo	0.0	0	0	0	1
bat-eumyeon$$$s7$p23	bateumyeon	1.0	1	0	0	0
	baeumyeon	0.0	0	1	0	0
	bajeumyeon	0.0	0	0	1	0
	baleumyeon	0.0	0	0	0	1
bat-eusi$$$s7$p31	bateusi	1.0	1	0	0	0
	baeusi	0.0	0	1	0	0
	bajeusi	0.0	0	0	1	0
	baleusi	0.0	0	0	0	1
bat-eun$$$s7$p25	bateun	1.0	1	0	0	0
	baeun	0.0	0	1	0	0
	bajeun	0.0	0	0	1	0
	baleun	0.0	0	0	0	1
bat-ayo$$$s7$p5	batayo	1.0	1	0	0	0
	baayo	0.0	0	1	0	0
	bajayo	0.0	0	0	1	0
	balayo	0.0	0	0	0	1
mut-eo$$$s71$p13	muteo	1.0	1	0	0	0
	mueo	0.0	0	1	0	0
	mujeo	0.0	0	0	1	0
	muleo	0.0	0	0	0	1
ssot-a$$$s87$p0	ssota	1.0	1	0	0	0
	ssoa	0.0	0	1	0	0
	ssoja	0.0	0	0	1	0
	ssola	0.0	0	0	0	1
ssot-at$$$s87$p3	ssotat	1.0	1	0	0	0
	ssoat	0.0	0	1	0	0
	ssojat	0.0	0	0	1	0
	ssolat	0.0	0	0	0	1
ieobat-aseo$$$s48$p2	ieobataseo	1.0	1	0	0	0
	ieobaaseo	0.0	0	1	0	0
	ieobajaseo	0.0	0	0	1	0
	ieobalaseo	0.0	0	0	0	1
ieobat-a$$$s48$p0	ieobata	1.0	1	0	0	0
	ieobaa	0.0	0	1	0	0
	ieobaja	0.0	0	0	1	0
	ieobala	0.0	0	0	0	1
got-eun$$$s41$p25	goteun	1.0	1	0	0	0
	goeun	0.0	0	1	0	0
	gojeun	0.0	0	0	1	0
	goleun	0.0	0	0	0	1
geot-eo$$$s35$p13	geoteo	1.0	1	0	0	0
	geoeo	0.0	0	1	0	0
	geojeo	0.0	0	0	1	0
	geoleo	0.0	0	0	0	1
